-27.247,190.905,251.228,711.690,909.354,810.446,382.158,354.269,174.067,193.681,274.578,361.119,294.951,496.583,637.464,593.561,425.249,522.139,356.777,368.795,364.183,322.612,392.229,160.316,315.798,499.889,414.976,579.013,223.574,250.700,179.346,277.558,462.731,423.917,155.789,53.488,-123.170,206.518,556.873,754.488,544.630,310.160,92.630,-46.651,-104.912,-74.428,-93.442,349.715,345.249,241.736,194.358,27.979,-254.696,-161.076,-134.462,57.418,4.323,-109.474,-213.869,-582.695,-472.545,-350.012,-58.978,-132.982,15.484,210.361,90.042,-144.259,143.872,220.379,282.226,494.422,663.831,507.645,339.782,232.633,-124.347,-27.373,117.368,169.690,492.224,161.923,260.209,167.126,128.270,192.826,217.314,281.050,152.678
427.196,535.111,477.304,875.124,1060.507,948.482,402.018,253.182,43.173,81.398,202.761,115.461,84.649,234.730,304.796,292.719,80.499,131.057,26.098,-13.227,-101.386,-28.391,21.985,-234.625,-66.403,145.472,201.648,393.324,47.626,51.704,67.464,311.769,571.723,450.615,140.713,86.699,-28.734,301.301,659.530,941.058,875.239,609.120,478.947,364.361,299.554,383.003,188.253,710.336,765.581,673.250,468.046,232.202,-40.757,117.510,228.274,393.304,403.429,336.633,247.753,-192.202,-170.527,-32.759,230.855,139.843,156.840,364.740,238.189,24.755,266.136,328.447,482.333,706.095,881.079,682.560,530.473,291.192,-134.013,-156.759,-108.424,-12.412,379.284,115.797,262.615,156.850,161.568,241.013,177.517,263.125,192.957
817.957,822.312,679.824,958.537,1107.849,1049.602,513.417,296.970,68.006,98.217,240.401,13.860,31.444,72.943,55.623,68.222,-162.667,-148.167,-167.558,-180.060,-318.132,-108.757,-117.767,-360.733,-191.749,-42.238,100.380,310.729,32.312,24.988,90.626,451.634,787.807,628.691,339.256,408.730,416.589,713.761,965.521,1190.691,1278.703,1003.058,1041.129,908.335,858.527,910.171,677.347,1129.637,1244.649,1116.980,803.911,485.944,220.856,417.324,581.148,613.922,650.976,655.317,568.533,152.210,104.254,204.499,358.021,271.860,195.149,378.591,242.835,147.557,312.841,329.692,517.338,713.598,898.229,693.523,598.795,268.461,-126.225,-237.773,-256.719,-140.347,206.018,58.747,234.818,139.055,197.636,282.728,117.060,166.100,156.438
1057.715,991.074,824.667,966.217,1058.812,1106.155,692.497,481.685,249.789,239.089,372.612,77.703,137.108,40.616,-65.859,-33.943,-255.250,-242.623,-172.252,-85.769,-227.406,77.986,-23.069,-250.985,-92.864,-48.539,124.525,366.998,193.411,190.298,248.855,674.661,1075.459,925.165,718.651,925.831,1059.515,1306.539,1377.183,1444.743,1659.867,1427.718,1654.832,1498.633,1451.660,1391.450,1249.367,1495.452,1623.558,1426.696,1075.530,672.540,425.082,620.516,769.160,646.758,675.413,724.277,622.678,306.734,219.221,249.173,255.292,209.531,130.322,269.007,130.313,203.886,302.607,261.781,433.166,566.697,740.750,583.030,578.591,229.827,-37.613,-145.088,-168.992,-61.535,129.267,108.370,260.030,180.257,264.151,354.025,109.261,61.871,101.454
1099.223,1002.866,876.424,903.670,932.267,1097.471,862.588,713.980,500.540,431.505,519.256,227.646,312.597,79.591,-100.820,-59.986,-248.851,-196.864,-59.483,160.862,60.565,381.412,174.435,-62.724,68.876,28.531,203.148,509.609,446.287,459.490,461.058,897.863,1337.779,1230.626,1146.577,1448.303,1649.727,1848.062,1729.778,1624.966,1906.652,1780.495,2147.232,1999.159,1931.382,1721.657,1725.496,1692.151,1762.425,1494.159,1167.800,692.191,488.816,646.458,700.979,484.236,486.084,512.009,386.623,208.551,114.202,68.897,-52.332,-21.653,-2.032,89.532,-36.901,191.708,266.055,185.011,313.890,368.233,491.999,424.994,520.084,238.733,160.182,163.991,190.144,265.999,236.988,322.675,382.806,305.645,361.662,460.273,184.957,2.107,67.365
949.587,856.985,809.087,775.271,749.917,998.480,931.081,859.602,689.617,574.281,582.611,337.900,435.385,92.494,-132.072,-101.849,-246.901,-130.161,28.450,365.936,337.681,594.169,292.636,20.135,104.452,49.674,228.796,628.694,649.993,679.988,604.089,1011.539,1455.549,1406.440,1446.118,1770.095,1947.560,2112.892,1858.835,1658.341,1923.577,1943.944,2349.930,2255.246,2159.344,1824.660,1930.365,1632.213,1585.837,1278.932,1016.471,497.439,371.691,470.878,376.763,171.396,152.356,82.135,-58.794,-104.270,-174.696,-277.285,-462.577,-334.153,-153.908,-97.073,-190.982,126.466,227.983,149.045,233.637,219.995,254.021,288.745,460.981,323.932,442.845,620.680,710.408,744.816,503.456,666.445,586.363,487.148,462.292,571.313,317.924,-5.222,57.898
666.769,593.778,618.143,587.982,531.705,796.589,837.613,814.338,712.017,589.645,503.792,311.869,418.968,8.084,-223.180,-228.336,-330.464,-156.732,-32.662,362.534,415.304,567.312,207.213,-106.757,-91.048,-77.378,122.128,615.699,678.641,710.235,573.619,929.083,1341.652,1348.113,1474.458,1755.814,1826.770,1979.815,1671.114,1504.304,1667.155,1827.772,2162.271,2148.008,2048.009,1666.757,1757.679,1285.532,1107.352,816.430,629.519,110.199,83.861,126.136,-119.686,-220.032,-234.856,-438.264,-568.338,-517.837,-537.023,-669.488,-843.467,-620.742,-288.060,-242.516,-285.115,37.521,198.701,170.234,221.609,176.491,104.622,211.055,411.495,467.108,742.917,1074.128,1190.652,1184.633,808.478,1028.603,805.219,663.277,527.410,640.503,444.820,10.397,51.179
339.163,282.804,328.866,358.360,297.150,508.103,589.148,560.821,543.232,462.060,297.354,136.807,256.683,-174.439,-376.534,-435.422,-502.801,-315.085,-273.577,104.427,225.150,289.796,-76.491,-410.629,-476.563,-342.269,-121.742,419.654,484.045,490.532,337.512,630.765,985.745,1035.650,1189.030,1396.604,1325.920,1482.709,1187.366,1173.406,1168.707,1412.560,1598.835,1650.675,1593.928,1264.951,1217.006,696.722,425.505,204.329,83.630,-385.622,-319.213,-313.854,-657.966,-617.199,-598.800,-910.474,-994.296,-897.910,-843.571,-982.860,-1090.124,-801.043,-389.602,-324.373,-305.515,-39.245,176.198,228.390,255.655,226.960,69.078,187.050,357.926,614.533,979.802,1362.609,1440.239,1398.618,1006.057,1278.216,962.470,775.799,531.942,634.916,505.419,10.340,26.269
56.042,-0.308,-4.002,117.408,70.163,184.156,263.234,181.760,252.521,244.611,45.878,-111.338,18.619,-385.999,-533.230,-644.542,-684.724,-545.613,-610.944,-308.444,-148.520,-108.584,-426.515,-742.084,-885.821,-638.571,-429.126,73.250,118.873,74.854,-44.375,180.715,467.569,547.451,670.058,811.239,626.755,792.217,537.369,728.744,532.684,772.859,797.351,858.536,888.378,687.946,439.740,-18.321,-306.486,-426.495,-501.237,-872.585,-752.567,-756.944,-1109.759,-961.628,-894.625,-1232.937,-1241.422,-1147.281,-1006.445,-1140.352,-1163.949,-850.236,-462.155,-343.757,-267.116,-72.245,154.625,281.436,283.754,310.730,117.395,181.392,279.309,704.661,1093.837,1389.006,1372.665,1297.874,1002.700,1327.723,1009.081,800.232,479.658,557.574,478.175,-22.526,-13.432
-119.718,-198.835,-307.344,-91.787,-117.989,-99.826,-23.893,-177.614,-32.126,30.577,-142.153,-313.340,-192.918,-530.398,-612.362,-749.117,-762.952,-727.543,-891.953,-685.252,-520.143,-430.257,-659.471,-920.773,-1118.672,-826.728,-686.569,-323.011,-290.045,-391.932,-444.151,-292.628,-68.791,30.947,88.510,193.967,-27.862,139.051,-90.797,267.975,-92.548,63.462,-21.942,-28.020,97.081,46.200,-362.047,-699.743,-926.472,-947.069,-998.544,-1238.086,-1124.052,-1116.756,-1388.938,-1212.766,-1105.791,-1367.310,-1291.540,-1237.434,-1012.855,-1136.841,-1097.121,-797.973,-513.556,-314.338,-198.441,-45.415,132.206,288.239,258.704,354.932,186.227,152.083,165.877,696.979,1067.667,1162.434,1043.103,934.672,803.100,1170.841,944.141,753.126,400.311,447.865,390.387,-70.461,-36.303
-166.786,-291.109,-509.529,-225.165,-232.477,-269.282,-170.056,-379.248,-189.269,-94.554,-188.609,-375.266,-301.862,-542.865,-564.692,-681.390,-662.906,-752.834,-979.030,-849.235,-707.633,-518.339,-645.705,-838.615,-1053.009,-816.618,-800.632,-648.940,-603.447,-740.419,-722.591,-646.024,-469.579,-357.072,-365.999,-265.931,-436.816,-283.764,-524.735,-108.139,-562.634,-530.975,-633.093,-767.429,-587.805,-530.779,-969.724,-1189.215,-1309.167,-1261.699,-1309.742,-1408.158,-1357.837,-1331.491,-1469.096,-1344.421,-1227.546,-1334.348,-1190.733,-1201.784,-916.684,-1025.271,-963.266,-701.215,-541.691,-250.677,-124.988,34.882,113.639,227.765,166.231,314.054,213.671,74.603,28.874,588.641,926.479,787.044,612.870,473.217,501.181,878.515,807.849,674.625,331.268,359.782,298.422,-92.462,-1.254
-104.216,-291.427,-562.960,-254.017,-246.269,-280.473,-135.377,-359.077,-165.967,-95.814,-86.465,-281.273,-297.460,-429.889,-407.854,-459.621,-402.730,-593.922,-827.459,-734.589,-632.801,-341.791,-385.915,-524.001,-716.172,-622.623,-746.219,-819.703,-734.553,-854.371,-791.504,-780.003,-631.386,-513.749,-564.246,-456.836,-517.563,-394.752,-672.487,-328.609,-785.842,-864.133,-887.192,-1164.492,-1008.009,-926.517,-1235.632,-1379.122,-1397.456,-1327.885,-1386.033,-1364.948,-1413.056,-1374.292,-1375.932,-1341.164,-1251.444,-1186.794,-1010.738,-1098.741,-795.167,-875.978,-832.092,-607.771,-530.305,-162.349,-59.367,141.187,106.347,106.390,32.218,191.935,170.064,-44.793,-102.733,412.651,720.219,406.945,262.836,105.282,225.225,559.350,654.993,599.963,295.952,331.203,251.538,-52.714,112.865
23.046,-236.680,-461.077,-179.048,-154.413,-141.493,37.968,-157.351,-4.429,-4.488,96.149,-101.409,-233.273,-267.234,-221.396,-186.441,-95.000,-325.705,-512.623,-422.166,-362.662,-11.704,-16.073,-131.694,-276.288,-359.730,-577.912,-820.111,-684.655,-722.107,-651.767,-680.236,-540.223,-429.036,-487.431,-379.430,-325.076,-242.887,-550.644,-373.371,-752.527,-884.208,-765.895,-1144.199,-1089.483,-1069.816,-1131.798,-1247.186,-1210.509,-1160.757,-1232.987,-1143.414,-1292.285,-1254.429,-1163.062,-1199.232,-1162.006,-976.406,-807.708,-968.514,-697.188,-734.221,-733.016,-531.148,-458.266,-55.821,-1.726,234.922,113.726,-47.952,-92.995,36.873,70.583,-171.932,-195.731,220.592,499.371,137.758,103.387,-43.755,69.896,308.354,526.340,539.173,292.947,362.798,262.244,52.778,286.730
164.063,-166.351,-242.624,-34.270,16.987,86.881,245.216,102.791,180.657,100.875,250.667,49.383,-188.673,-156.956,-103.279,3.357,108.473,-87.594,-190.886,-94.111,-69.364,279.851,263.609,136.992,43.360,-181.838,-398.792,-702.299,-532.802,-436.933,-388.807,-422.196,-272.731,-183.642,-226.433,-131.878,-9.892,31.874,-265.845,-274.402,-532.817,-651.494,-381.913,-777.983,-862.836,-955.279,-749.905,-862.111,-828.554,-822.463,-900.488,-811.403,-1037.241,-1010.536,-885.496,-931.531,-947.623,-732.828,-600.389,-809.637,-614.066,-600.549,-646.839,-450.038,-317.276,58.796,51.780,280.947,129.832,-200.034,-163.192,-85.794,-35.453,-261.521,-228.622,59.369,296.984,19.674,127.748,30.152,52.646,170.817,434.082,477.548,302.258,419.350,301.445,188.900,463.822
278.572,-105.974,19.820,123.374,214.401,313.292,369.378,277.761,262.998,138.258,283.797,77.935,-216.151,-167.377,-111.824,18.263,100.928,-5.170,-14.357,68.358,69.255,365.757,298.480,141.857,82.589,-195.474,-303.722,-550.347,-386.836,-147.146,-128.212,-135.949,40.262,91.645,67.277,143.320,259.766,272.671,39.025,-97.120,-243.410,-307.866,74.087,-249.173,-445.596,-643.158,-254.388,-356.920,-362.138,-401.026,-464.735,-443.422,-713.243,-698.542,-583.259,-572.327,-618.269,-463.535,-377.139,-588.743,-490.567,-444.303,-528.582,-331.411,-127.214,161.798,98.672,260.018,138.549,-322.491,-161.850,-128.886,-92.561,-279.666,-202.050,-47.233,123.954,12.913,229.841,219.848,115.943,136.611,366.916,394.902,303.783,452.626,320.932,299.215,578.269
345.131,-61.245,244.031,236.078,374.736,452.958,338.813,275.868,173.073,68.338,166.088,-31.802,-304.918,-289.544,-226.152,-133.004,-111.875,-114.399,-45.355,-11.459,-26.017,198.059,68.978,-117.707,-167.231,-396.099,-327.318,-432.221,-322.691,19.004,26.256,53.426,270.789,275.586,254.246,323.998,372.862,376.893,247.558,88.945,2.012,-11.554,416.368,227.454,6.137,-237.540,188.481,119.822,81.864,14.143,-9.466,-99.299,-388.139,-377.657,-280.092,-176.442,-217.736,-171.350,-124.180,-276.958,-270.303,-240.440,-347.148,-162.611,61.522,223.926,124.753,173.412,117.661,-405.422,-111.575,-88.783,-70.247,-221.800,-139.321,-104.946,-23.875,32.907,272.494,372.897,170.013,161.959,307.748,288.950,294.790,431.819,288.593,338.997,592.518
360.626,-23.547,366.657,270.033,451.261,464.136,164.239,103.726,-60.861,-80.608,-50.869,-205.394,-381.637,-435.009,-348.922,-336.457,-400.387,-331.646,-217.670,-257.888,-284.398,-120.184,-289.663,-495.613,-552.245,-662.896,-424.142,-365.138,-344.266,15.733,41.359,82.239,345.538,307.504,268.384,355.435,314.123,332.241,313.070,236.763,136.946,132.337,539.447,495.392,356.215,148.894,472.809,454.921,425.858,352.586,389.069,185.225,-113.410,-97.782,6.845,189.579,179.398,123.994,144.594,110.115,51.387,-5.332,-117.889,27.695,182.983,214.292,107.492,38.369,46.078,-457.442,-63.332,-9.053,18.150,-117.964,-77.620,-142.222,-154.185,2.435,166.048,375.290,148.728,201.494,250.110,185.219,293.584,362.783,213.477,303.765,522.710
334.900,18.499,365.254,231.524,435.626,367.169,-63.274,-136.023,-320.638,-222.184,-257.006,-314.471,-348.460,-477.738,-352.703,-426.143,-567.285,-489.395,-367.697,-478.808,-516.794,-383.732,-550.921,-768.719,-830.660,-817.206,-491.941,-312.405,-384.922,-101.642,-34.291,-25.419,269.779,207.113,139.176,261.713,153.684,205.598,265.202,334.188,161.767,112.718,452.522,514.479,533.004,429.568,579.974,602.887,632.202,573.805,672.481,395.865,86.045,109.085,256.032,462.639,487.702,375.886,376.614,495.396,400.373,193.272,92.390,174.002,182.941,113.679,27.315,-121.811,-88.189,-498.952,-71.635,39.009,118.468,-22.873,-54.323,-194.500,-270.160,-108.226,-85.296,207.858,45.907,230.780,201.936,124.766,325.510,283.869,143.624,235.215,435.038
285.023,69.350,264.973,165.502,363.996,236.290,-213.345,-294.325,-452.298,-251.964,-335.083,-244.453,-138.429,-319.574,-147.729,-270.887,-446.328,-422.692,-321.760,-468.886,-516.424,-391.081,-513.392,-748.982,-796.385,-716.083,-426.601,-212.618,-349.606,-210.983,-101.505,-174.291,114.338,55.798,-33.243,121.017,-0.518,96.413,181.088,397.895,131.532,6.090,259.529,362.110,543.035,564.911,562.345,587.773,699.386,667.743,807.280,530.852,211.120,232.260,438.759,599.530,640.079,521.274,497.746,760.933,643.242,262.533,193.576,204.152,46.079,-72.632,-118.526,-286.308,-281.395,-550.983,-168.141,-10.346,159.693,5.437,-93.956,-286.735,-369.537,-272.392,-391.676,-52.385,-87.262,248.440,175.121,136.070,399.535,240.362,136.115,199.067,412.083
231.459,124.283,126.795,135.466,301.824,166.306,-177.758,-248.369,-340.886,-99.432,-216.262,41.647,240.833,53.713,263.352,149.407,4.502,-63.295,4.363,-127.166,-176.838,-54.036,-111.210,-381.925,-389.558,-333.269,-181.339,-24.769,-175.285,-193.031,-68.115,-249.981,-26.104,-49.900,-135.306,20.513,-60.077,81.708,138.669,453.845,119.484,-72.390,97.398,180.230,451.376,563.253,497.601,477.039,649.791,647.598,789.688,593.230,279.313,280.857,527.861,588.738,613.153,508.215,450.149,799.684,648.638,135.950,120.573,80.465,-190.724,-309.126,-306.784,-438.754,-510.303,-623.918,-345.877,-185.415,87.954,-70.194,-200.096,-421.077,-448.637,-429.624,-631.563,-282.620,-179.406,261.313,169.633,209.177,491.190,252.892,216.512,245.809,505.551
195.186,174.626,21.642,192.404,312.188,228.012,76.153,37.694,29.989,232.897,85.816,476.339,698.011,554.245,772.541,718.208,663.844,507.721,545.683,473.132,435.103,545.111,538.726,218.094,262.453,214.650,199.719,235.711,122.532,-0.970,96.748,-181.126,-82.266,-49.321,-100.044,13.556,4.985,180.238,176.317,515.635,174.935,-34.445,64.394,96.770,341.193,464.883,440.766,342.669,516.920,540.083,647.369,589.117,312.949,278.600,513.463,453.539,437.030,326.634,230.489,573.167,360.916,-177.819,-123.512,-170.458,-447.130,-535.646,-489.648,-562.536,-732.849,-710.153,-560.493,-460.706,-105.479,-248.964,-354.138,-574.108,-506.181,-523.328,-718.648,-385.382,-186.567,266.432,165.037,290.754,545.426,299.702,352.872,376.255,701.003
193.271,215.456,0.707,346.668,421.817,432.079,485.155,492.401,562.651,662.023,477.484,911.648,1088.970,1021.442,1203.852,1223.345,1285.048,1079.047,1101.254,1101.599,1092.137,1179.110,1178.873,813.880,895.560,712.089,591.016,490.469,442.810,306.029,339.776,19.256,-43.346,51.312,59.393,98.053,160.960,350.204,277.402,572.560,296.169,132.847,173.707,161.381,273.033,319.449,399.526,229.453,337.573,377.734,435.371,531.230,330.568,256.464,415.738,245.462,184.672,24.911,-93.970,143.729,-153.587,-578.342,-453.904,-457.402,-628.054,-684.036,-608.254,-634.801,-894.809,-783.684,-747.027,-763.337,-375.735,-489.514,-520.661,-704.440,-543.002,-530.709,-644.273,-340.332,-121.030,244.236,127.538,307.045,501.597,325.181,462.817,532.640,915.535
231.734,249.302,74.213,556.581,601.795,718.289,912.558,965.686,1081.812,1053.016,822.088,1182.402,1273.556,1285.870,1384.927,1447.281,1597.343,1394.948,1417.638,1469.698,1503.044,1573.455,1524.139,1150.654,1227.527,938.674,834.933,626.729,637.478,583.574,544.399,254.761,41.028,182.209,257.710,222.966,335.594,516.484,384.408,593.565,430.907,359.883,353.388,326.315,262.227,167.948,343.277,144.756,149.574,195.066,223.952,442.499,344.078,244.400,284.938,30.289,-54.683,-299.114,-403.503,-338.927,-716.477,-903.708,-731.045,-657.444,-660.501,-700.662,-614.187,-626.611,-943.133,-807.796,-844.346,-999.628,-640.114,-723.547,-657.654,-768.037,-558.039,-469.733,-474.424,-209.622,-44.419,168.578,30.060,204.472,328.719,271.707,453.642,622.866,1032.738
298.011,282.419,207.611,740.913,774.396,976.340,1203.619,1292.235,1406.556,1271.579,994.682,1178.419,1172.686,1238.687,1220.475,1264.777,1424.714,1269.498,1304.617,1365.392,1447.646,1530.290,1392.221,1070.169,1087.718,769.261,808.974,548.309,578.461,668.453,585.805,389.951,89.416,245.280,381.136,316.551,456.408,609.444,432.259,544.544,503.021,531.177,489.774,479.209,282.132,35.777,236.567,71.419,-8.637,27.063,79.044,354.013,360.308,263.243,185.184,-129.453,-206.793,-531.623,-572.682,-694.638,-1104.733,-997.905,-818.142,-668.672,-522.321,-566.528,-490.478,-513.404,-844.046,-749.430,-817.299,-1090.995,-811.541,-880.743,-728.954,-735.984,-544.935,-382.702,-307.074,-96.925,-29.731,26.985,-126.704,-14.871,50.923,117.362,275.670,567.364,959.363
358.318,315.861,337.040,811.673,845.554,1090.549,1249.366,1359.958,1425.229,1238.075,931.033,892.052,801.204,876.425,734.596,702.015,767.746,676.004,728.501,758.132,884.959,1019.983,788.922,580.122,496.056,232.424,480.533,224.866,221.558,459.032,393.096,317.303,32.385,163.814,343.984,321.179,481.704,594.628,382.195,409.238,451.418,545.882,490.107,508.029,287.714,-64.066,74.031,-7.245,-101.314,-93.251,40.683,295.331,383.257,318.191,167.544,-190.977,-235.742,-587.007,-524.554,-788.037,-1146.928,-784.382,-643.278,-458.036,-250.008,-306.802,-262.617,-292.650,-600.377,-595.760,-668.629,-1004.553,-834.753,-915.174,-715.550,-608.140,-493.858,-309.396,-217.120,-85.759,-115.406,-162.934,-306.497,-285.049,-253.768,-102.872,-40.759,344.690,675.536
365.064,338.055,397.700,713.908,749.627,989.984,1031.077,1153.440,1140.155,960.092,651.593,420.787,264.049,303.294,63.958,-70.330,-189.416,-230.739,-161.692,-177.141,-18.675,197.715,-91.647,-151.978,-345.424,-499.657,-75.152,-284.870,-363.973,-29.651,-12.328,13.930,-150.714,-77.538,130.219,218.633,411.308,480.709,239.263,202.072,261.643,370.477,331.639,363.134,244.826,-123.985,-105.829,-87.212,-103.726,-140.457,108.012,281.130,414.015,395.880,244.984,-142.568,-151.028,-442.635,-265.833,-586.424,-802.597,-308.797,-236.209,-80.655,77.679,14.854,6.658,1.268,-260.053,-366.167,-437.287,-766.075,-708.761,-822.268,-622.094,-416.826,-399.506,-266.947,-220.678,-192.671,-278.940,-353.225,-450.186,-503.577,-484.438,-306.831,-387.690,11.085,252.213
275.178,325.783,353.134,454.892,485.903,682.548,626.993,755.410,663.699,530.294,252.722,-73.626,-280.475,-307.595,-593.750,-806.269,-1150.161,-1170.585,-1088.445,-1129.327,-956.097,-661.690,-950.881,-874.768,-1142.652,-1184.265,-701.564,-848.273,-1015.514,-663.718,-521.477,-440.794,-420.206,-421.658,-199.317,35.976,276.675,306.369,46.610,-34.368,-24.911,56.849,73.038,84.639,149.687,-138.002,-237.201,-141.113,-12.801,-104.759,238.904,302.299,448.365,467.232,382.688,-6.511,2.497,-147.669,114.906,-171.915,-185.072,272.828,278.959,340.061,372.288,315.914,238.487,296.649,91.308,-112.827,-184.761,-450.066,-485.312,-638.966,-475.560,-217.620,-270.828,-247.145,-276.649,-360.558,-445.878,-483.856,-503.792,-581.959,-564.173,-403.224,-624.307,-318.390,-174.750
73.581,255.767,212.765,108.680,128.552,257.907,179.908,309.038,169.614,91.165,-129.292,-428.844,-674.056,-776.011,-1052.685,-1283.592,-1822.277,-1847.751,-1756.222,-1781.481,-1609.596,-1279.397,-1512.891,-1361.136,-1637.148,-1609.486,-1220.172,-1307.040,-1539.191,-1243.617,-983.780,-897.005,-695.030,-762.098,-535.931,-168.383,120.286,117.371,-137.800,-246.260,-327.837,-282.473,-175.889,-217.394,30.019,-104.034,-264.218,-134.651,146.203,1.633,366.969,328.754,475.106,497.066,510.931,168.011,165.760,198.691,486.142,298.238,485.417,757.959,733.202,663.235,569.122,521.629,367.371,504.552,355.356,93.438,25.406,-150.934,-244.157,-426.666,-315.243,-69.110,-134.967,-229.644,-320.415,-493.643,-529.278,-510.126,-446.645,-492.609,-478.439,-338.977,-643.882,-519.967,-462.911
-209.301,121.946,29.829,-207.835,-196.948,-142.933,-159.023,-39.662,-177.196,-218.296,-366.463,-540.106,-808.072,-974.334,-1202.503,-1388.251,-2028.900,-2065.587,-1968.777,-1941.698,-1784.038,-1485.440,-1635.827,-1498.248,-1711.341,-1677.594,-1497.013,-1537.793,-1786.681,-1588.333,-1272.254,-1201.434,-892.167,-989.597,-772.910,-330.459,-22.808,-52.237,-268.196,-391.220,-561.557,-528.020,-308.916,-417.727,-70.345,-29.493,-176.259,-51.583,323.224,144.760,430.655,325.293,478.703,458.718,556.715,321.133,288.125,489.664,731.148,663.657,977.501,984.607,981.896,788.888,646.464,588.623,366.884,554.347,456.756,189.067,148.074,53.141,-56.828,-244.205,-176.813,-8.632,-29.835,-199.634,-306.293,-512.296,-477.078,-423.692,-302.976,-285.216,-283.222,-130.141,-429.265,-518.850,-526.441
-497.285,-51.649,-119.908,-378.827,-362.610,-379.726,-286.074,-193.877,-281.734,-312.372,-382.028,-390.617,-653.821,-864.224,-1038.970,-1148.533,-1766.868,-1797.245,-1702.163,-1615.546,-1481.951,-1279.246,-1358.271,-1321.011,-1425.079,-1434.707,-1489.169,-1498.700,-1712.656,-1611.395,-1336.447,-1267.715,-966.438,-1040.241,-851.706,-406.508,-133.102,-186.352,-327.720,-455.060,-669.652,-608.046,-274.067,-436.367,-113.502,65.815,-19.008,88.877,458.798,278.309,402.155,273.583,447.175,348.612,480.199,403.395,342.949,654.305,796.906,829.751,1148.086,900.368,962.294,696.713,623.135,516.377,259.996,429.219,375.708,145.864,170.472,128.956,43.972,-122.903,-76.629,-34.145,13.664,-156.978,-232.256,-396.022,-300.434,-255.019,-129.044,-61.317,-76.482,141.765,-67.209,-326.022,-373.930
-690.455,-212.109,-169.980,-335.753,-291.610,-366.123,-178.346,-132.913,-146.663,-186.125,-174.405,-46.783,-266.629,-500.795,-653.677,-708.340,-1191.652,-1184.717,-1103.969,-990.379,-888.609,-814.503,-864.437,-979.013,-971.379,-1037.279,-1253.287,-1242.134,-1387.794,-1353.343,-1218.027,-1115.343,-930.545,-922.872,-783.203,-388.540,-204.303,-281.252,-328.065,-454.244,-644.194,-527.058,-95.517,-274.240,-84.433,154.051,127.178,234.283,506.406,359.830,302.032,187.966,381.710,193.768,297.954,394.544,331.635,681.874,711.032,800.380,998.308,580.461,713.300,447.797,538.017,342.513,108.448,182.564,161.546,-11.631,115.154,97.896,74.972,-55.235,-3.864,-101.520,-8.712,-111.032,-133.461,-191.353,-67.283,-56.006,17.968,80.970,53.565,368.035,288.114,-35.373,-102.757
-703.878,-296.119,-92.242,-86.634,6.566,-102.911,105.863,92.217,140.813,88.287,183.913,373.688,233.883,-7.568,-192.000,-256.747,-541.376,-471.417,-423.237,-343.550,-278.306,-320.331,-390.199,-657.833,-577.548,-674.883,-914.874,-888.590,-962.633,-956.252,-1022.542,-857.551,-845.272,-713.183,-635.873,-304.446,-236.645,-335.993,-295.236,-423.377,-522.898,-355.944,141.912,-8.226,4.442,210.419,190.707,321.461,451.799,366.921,190.716,113.994,301.526,46.476,79.961,312.120,276.885,616.652,559.692,660.254,660.493,186.773,350.118,150.141,424.097,124.700,-15.084,-77.060,-82.100,-209.780,30.634,22.496,88.181,-2.736,74.309,-140.862,-64.944,-66.279,-51.611,17.509,134.580,126.697,111.655,102.225,76.058,466.769,486.205,218.310,146.872
-507.570,-259.171,89.354,284.217,435.294,321.410,455.867,386.962,452.476,392.734,570.533,744.065,699.413,465.798,200.930,51.526,-37.451,98.514,94.756,79.674,111.075,1.834,-117.208,-493.968,-401.011,-486.642,-613.118,-574.135,-599.689,-593.590,-862.517,-643.445,-784.902,-517.533,-498.761,-204.157,-232.733,-347.415,-251.709,-395.038,-368.022,-191.680,335.085,248.796,120.946,225.024,149.490,307.807,319.293,305.287,138.726,106.923,238.502,-34.666,-80.554,204.697,209.721,527.269,438.965,519.109,324.939,-110.943,7.969,-93.659,291.736,-82.402,-60.004,-229.903,-237.776,-352.283,-27.596,-24.144,139.335,80.272,194.897,-87.000,-95.701,-10.970,-2.279,156.349,243.339,271.681,169.685,45.459,34.492,424.329,451.423,320.814,255.935
-148.690,-101.542,306.449,646.437,845.321,762.429,751.792,649.870,671.368,608.003,852.180,965.044,994.441,788.358,425.527,149.950,194.685,369.912,302.165,162.492,176.203,58.657,-103.531,-521.524,-467.660,-508.304,-445.106,-394.826,-404.969,-389.734,-800.911,-582.769,-795.589,-423.546,-438.520,-138.341,-198.748,-313.308,-205.862,-383.111,-238.789,-109.346,408.826,400.308,226.990,207.837,44.877,194.128,160.686,203.958,188.659,198.991,221.548,-11.235,-111.635,130.758,156.169,467.023,405.038,448.954,144.676,-212.276,-216.886,-230.195,130.077,-244.866,-20.708,-199.706,-224.569,-360.188,-19.234,7.356,254.904,218.437,375.774,88.334,-40.820,80.523,37.066,198.673,251.850,384.526,239.573,12.786,22.088,301.736,218.936,230.281,178.460
257.410,123.635,472.734,871.923,1090.458,1071.267,904.181,802.939,730.813,655.066,926.889,986.121,1033.696,882.962,450.743,69.228,155.079,320.399,193.130,-52.392,-23.295,-110.199,-277.801,-670.512,-676.759,-669.982,-432.070,-372.043,-389.229,-367.635,-823.202,-690.821,-868.302,-460.542,-471.078,-138.326,-148.264,-240.409,-153.841,-378.453,-170.411,-131.061,343.652,404.504,291.057,182.538,-40.685,25.939,31.211,99.520,327.883,372.674,257.671,112.676,-0.172,131.348,128.464,445.769,448.419,448.122,166.079,-124.205,-300.836,-269.721,-75.018,-354.739,61.917,7.140,-35.851,-208.253,63.962,120.050,414.493,396.738,598.192,357.728,128.163,230.312,109.578,172.675,203.649,481.320,363.949,105.471,127.037,201.635,-82.676,-4.932,-42.009
567.452,327.418,518.563,882.025,1081.585,1146.039,876.718,807.637,627.513,518.440,757.066,810.818,806.698,743.814,311.631,-95.304,-55.406,46.832,-113.777,-403.570,-313.178,-367.884,-491.967,-811.564,-863.610,-840.392,-520.009,-452.638,-474.797,-448.644,-851.468,-881.561,-940.988,-588.054,-560.087,-204.868,-103.181,-149.687,-90.828,-358.625,-167.480,-225.344,174.343,282.274,294.809,171.799,-30.936,-128.082,-35.806,17.536,487.538,556.878,320.959,284.507,197.080,209.060,123.224,427.642,504.342,450.326,318.358,56.617,-287.520,-266.524,-317.900,-422.099,121.842,299.089,254.328,59.919,193.944,270.089,557.968,561.555,805.329,643.218,386.330,434.455,243.063,135.662,160.076,565.736,545.294,359.187,376.433,212.463,-293.690,-269.994,-296.868
666.974,422.107,419.595,675.239,817.555,964.690,687.979,666.596,409.150,245.428,383.271,489.603,382.161,433.563,87.283,-236.977,-294.700,-291.626,-440.553,-697.131,-500.476,-554.719,-601.413,-822.121,-885.320,-893.414,-612.174,-541.922,-542.485,-502.613,-792.356,-1013.011,-930.021,-717.417,-640.665,-309.674,-88.042,-72.902,-22.926,-305.427,-211.226,-333.106,-35.339,95.830,234.074,182.545,98.388,-209.037,-42.530,-38.535,571.574,652.908,358.680,420.039,376.822,324.661,126.285,355.457,492.645,372.023,463.767,205.025,-249.923,-278.335,-559.924,-459.995,102.328,537.998,521.286,346.974,317.606,388.568,614.329,642.218,920.328,845.368,657.857,650.767,419.512,133.291,159.086,615.955,732.142,711.106,710.040,358.993,-299.676,-436.796,-464.081
519.311,362.076,207.632,325.303,382.070,588.486,396.736,416.090,147.302,-75.771,-86.632,104.883,-111.212,61.370,-130.510,-285.123,-443.182,-543.953,-629.453,-794.549,-467.904,-564.071,-532.315,-642.798,-687.815,-765.591,-617.807,-553.039,-494.923,-421.794,-593.582,-962.622,-775.965,-755.908,-654.979,-408.702,-119.164,-40.341,29.214,-219.712,-273.651,-402.880,-225.196,-86.386,117.491,200.679,301.946,-194.404,-21.120,-84.308,504.300,581.395,315.377,438.807,437.920,415.127,121.667,188.782,365.360,170.405,479.194,237.778,-242.657,-328.425,-736.328,-471.746,-13.426,602.502,643.982,542.077,379.627,415.592,538.208,583.606,877.742,884.696,844.457,808.206,572.121,169.186,190.808,591.925,837.839,1019.979,1000.515,585.612,-84.776,-421.149,-461.735
184.079,168.504,-40.940,-48.357,-89.979,136.815,79.919,114.816,-90.085,-349.085,-511.186,-249.230,-524.610,-252.343,-267.340,-227.101,-444.426,-620.827,-602.859,-663.265,-222.700,-385.897,-306.967,-300.802,-325.088,-480.456,-495.309,-449.519,-305.908,-180.863,-279.225,-694.581,-480.728,-652.450,-581.571,-461.661,-194.687,-66.106,38.381,-124.639,-329.972,-415.071,-360.867,-218.509,-34.362,199.678,486.828,-104.353,-12.047,-138.797,273.890,328.186,165.053,303.643,332.928,426.030,100.912,-64.640,136.805,-121.332,324.739,155.739,-270.766,-391.587,-782.586,-448.382,-191.225,446.216,558.799,568.644,347.272,330.174,335.555,374.266,654.667,736.790,867.877,836.815,615.550,203.323,204.672,460.577,784.649,1132.336,1112.391,781.870,263.326,-217.840,-279.621
-205.048,-75.682,-234.604,-325.248,-461.447,-255.891,-188.292,-168.206,-256.215,-502.237,-762.349,-490.390,-738.714,-414.765,-287.051,-100.510,-311.274,-513.496,-381.931,-373.033,118.864,-101.935,-20.998,105.853,73.310,-132.510,-271.088,-261.643,-32.779,147.103,55.223,-284.376,-116.462,-423.321,-444.561,-449.647,-292.511,-139.966,-13.761,-55.266,-364.217,-383.649,-436.928,-286.908,-189.627,158.846,563.185,14.407,-38.271,-205.495,-51.210,-35.670,-65.489,45.245,96.655,342.664,68.882,-341.458,-119.444,-402.271,63.472,36.596,-291.142,-411.378,-668.163,-377.856,-361.000,121.575,287.427,417.153,225.594,161.193,64.997,56.005,286.514,444.273,706.110,703.993,494.331,179.712,143.975,224.312,550.534,962.321,971.012,837.738,597.500,100.932,22.713
-495.239,-260.502,-302.237,-425.892,-637.584,-484.864,-351.552,-366.648,-330.004,-506.724,-770.260,-570.984,-705.938,-390.962,-198.931,34.670,-102.983,-278.138,-62.983,-48.074,397.968,160.322,210.432,452.371,366.327,158.242,-26.308,-69.787,213.125,426.470,286.653,113.154,200.184,-145.817,-299.525,-383.314,-379.082,-231.577,-123.091,-40.309,-368.405,-338.024,-464.282,-300.969,-308.710,80.246,495.327,116.607,-90.237,-262.683,-344.696,-374.488,-297.489,-242.672,-164.452,202.862,43.265,-544.766,-304.859,-552.415,-176.349,-15.822,-244.168,-338.301,-419.907,-260.344,-451.538,-243.811,-74.622,147.199,55.193,-26.422,-186.763,-290.506,-141.400,99.087,404.902,436.985,221.525,66.082,-12.826,-65.811,192.215,543.431,605.952,700.436,781.185,420.565,346.595
-578.604,-298.480,-220.503,-335.976,-590.897,-505.985,-380.060,-431.207,-311.538,-381.163,-549.134,-493.861,-468.036,-214.357,-50.319,127.166,109.498,-0.201,231.943,196.324,494.314,290.170,308.183,638.320,464.553,298.904,141.990,36.595,322.889,528.422,325.650,337.632,357.877,76.995,-204.329,-297.720,-425.454,-305.710,-260.099,-86.464,-339.675,-299.198,-453.825,-276.121,-353.656,-7.183,323.708,181.218,-131.038,-271.129,-476.774,-544.201,-429.771,-439.318,-319.844,82.277,47.314,-586.324,-343.656,-496.127,-274.339,63.688,-96.617,-166.598,-120.752,-119.551,-427.646,-507.854,-403.150,-142.209,-107.166,-163.729,-344.008,-577.848,-523.991,-197.055,58.071,117.118,-116.749,-118.924,-229.299,-323.408,-170.841,23.364,145.332,403.776,749.647,634.394,596.528
-437.042,-166.092,-22.222,-105.235,-360.495,-343.873,-274.287,-343.421,-214.935,-179.372,-193.102,-313.199,-139.625,27.882,92.707,154.052,272.148,241.946,406.127,301.518,381.656,243.123,260.250,624.614,363.864,260.457,167.386,4.388,245.601,398.708,164.491,302.643,301.561,163.741,-190.040,-235.676,-422.023,-340.234,-380.582,-174.278,-279.735,-266.223,-408.366,-222.480,-302.548,-60.941,143.899,215.937,-119.743,-197.391,-376.669,-460.188,-386.228,-450.139,-278.379,56.717,98.243,-429.117,-219.475,-246.072,-185.709,259.345,129.309,52.314,119.191,-1.185,-310.373,-582.013,-601.665,-359.182,-215.961,-211.951,-376.272,-746.501,-775.083,-375.255,-233.960,-153.912,-396.838,-308.210,-421.739,-462.871,-406.544,-398.209,-238.018,55.112,534.038,685.976,714.522
-147.584,82.995,217.391,176.200,-30.501,-76.633,-64.618,-124.330,-63.396,30.643,158.238,-116.526,138.106,230.380,170.404,122.743,360.047,399.514,420.328,278.581,133.285,56.210,117.257,443.293,137.571,84.675,46.505,-155.410,15.875,89.293,-113.098,41.062,60.113,92.049,-246.239,-226.855,-383.302,-336.481,-445.091,-267.954,-197.460,-221.011,-327.161,-145.777,-163.030,-49.683,53.006,242.068,-39.858,-40.661,-73.007,-143.846,-158.843,-253.491,-37.378,159.251,196.124,-109.497,17.128,96.846,33.277,478.206,358.193,229.208,208.026,43.578,-168.684,-472.444,-641.162,-458.791,-258.390,-180.942,-310.421,-785.340,-856.911,-424.346,-406.625,-299.622,-516.042,-418.018,-499.254,-440.491,-430.713,-559.596,-403.153,-213.346,239.604,585.822,693.638
154.096,340.221,410.838,413.163,301.250,195.195,193.775,167.436,112.894,188.572,372.383,8.180,255.315,312.367,151.601,58.762,373.458,457.565,297.008,187.070,-121.020,-174.894,-40.735,179.033,-104.928,-139.067,-158.260,-371.219,-260.392,-262.667,-366.922,-307.369,-263.380,-91.689,-327.423,-272.444,-339.400,-315.709,-436.945,-333.477,-111.339,-146.941,-217.509,-56.646,23.626,24.844,93.412,271.100,84.317,153.396,309.956,277.493,177.153,82.619,308.092,354.850,318.888,272.613,273.268,388.989,255.650,598.537,495.207,280.510,113.426,-16.976,-85.353,-273.090,-564.201,-456.304,-258.205,-121.694,-213.886,-728.311,-787.029,-386.233,-453.353,-302.516,-442.796,-391.510,-412.028,-278.218,-247.421,-410.664,-303.285,-304.295,-7.806,398.416,569.479
335.191,490.447,492.545,538.602,552.194,383.437,432.109,450.555,278.633,257.500,374.029,8.067,178.094,249.699,44.535,-11.453,325.849,426.089,100.459,95.778,-262.045,-343.743,-146.644,-67.913,-270.793,-314.935,-347.832,-544.459,-455.647,-498.889,-464.486,-561.353,-535.224,-294.406,-376.680,-343.266,-318.590,-303.595,-369.016,-354.683,-46.956,-47.557,-102.404,22.522,193.928,123.102,226.668,289.887,195.061,303.523,602.274,621.487,487.776,424.492,602.996,548.584,427.131,592.104,457.086,512.250,353.111,536.716,474.380,173.303,-120.278,-174.434,-113.598,-114.002,-452.929,-408.028,-259.001,-95.987,-157.020,-629.769,-620.506,-324.935,-416.997,-207.811,-230.634,-229.642,-181.189,-55.738,52.062,-33.869,-3.816,-196.878,-118.785,208.932,398.207
324.101,464.274,443.540,533.015,673.595,438.844,584.908,645.713,398.169,229.752,172.111,-112.283,-40.613,81.592,-108.611,-73.272,233.310,327.186,-94.675,47.395,-238.189,-382.810,-176.865,-221.772,-322.938,-381.222,-434.355,-597.333,-482.082,-515.931,-344.045,-584.987,-648.929,-419.556,-354.590,-393.297,-330.943,-312.111,-275.527,-338.206,-27.387,48.487,-15.686,62.569,287.489,185.976,354.371,266.168,230.943,327.590,663.906,731.630,636.834,629.118,701.733,627.195,478.323,748.817,517.769,430.223,266.748,296.415,295.849,-52.680,-389.016,-376.160,-246.805,-91.392,-379.451,-371.457,-295.211,-138.828,-173.584,-531.987,-417.773,-286.460,-356.794,-94.873,12.414,7.986,106.706,126.698,332.087,396.904,351.501,49.067,-73.847,86.705,233.354
139.421,270.218,297.127,425.043,656.340,361.588,609.157,701.573,443.871,123.232,-147.538,-293.425,-289.116,-111.263,-251.723,-127.054,110.725,186.010,-232.134,43.319,-85.933,-292.623,-156.952,-258.859,-289.627,-333.553,-385.245,-511.605,-335.125,-315.711,-46.047,-353.990,-570.482,-410.935,-259.160,-383.000,-362.808,-330.233,-193.405,-304.954,-59.788,101.088,14.897,44.683,276.017,168.204,376.285,172.946,163.956,186.238,451.435,550.805,549.523,608.295,537.389,515.985,445.274,707.138,463.017,203.520,40.836,-26.930,31.712,-299.289,-573.667,-542.721,-418.018,-215.806,-365.903,-367.666,-366.632,-234.198,-240.144,-442.488,-215.617,-271.637,-310.312,-31.973,182.456,232.618,338.533,196.025,476.015,698.208,608.315,325.656,79.351,61.244,110.665
-122.483,-7.994,123.989,275.470,526.285,194.235,499.355,611.617,405.442,-28.206,-460.458,-448.903,-450.960,-246.930,-340.675,-182.414,-26.006,27.852,-289.892,52.350,93.488,-138.369,-142.699,-212.803,-243.154,-222.117,-241.464,-338.996,-97.425,-5.494,302.832,31.328,-350.183,-276.729,-127.290,-301.374,-385.870,-330.127,-143.588,-273.917,-126.032,83.395,-13.154,-20.547,181.021,68.904,253.577,16.900,22.945,-87.171,43.503,151.643,252.054,370.509,157.600,222.941,330.607,507.646,347.227,-43.260,-198.646,-289.644,-203.847,-454.763,-592.596,-600.858,-531.043,-405.712,-375.714,-367.655,-431.650,-318.675,-286.230,-333.660,-16.604,-237.242,-272.328,-39.420,233.888,369.641,426.845,139.619,438.392,758.528,669.514,527.998,258.569,118.464,43.659
-333.797,-247.407,3.454,152.455,333.350,1.961,291.877,414.729,295.579,-185.714,-655.608,-505.951,-458.892,-281.205,-362.879,-248.287,-156.582,-121.241,-280.021,34.939,187.264,-16.905,-188.084,-156.054,-259.950,-125.481,-99.613,-177.115,99.560,253.057,546.396,392.922,-96.010,-83.151,-17.323,-175.310,-375.859,-286.252,-122.733,-248.891,-185.304,1.943,-69.173,-86.937,68.499,-59.747,39.963,-149.010,-112.440,-388.979,-389.291,-292.772,-134.071,19.823,-291.527,-154.135,169.701,246.446,238.889,-185.400,-309.638,-369.240,-306.059,-447.023,-437.548,-517.041,-508.463,-530.271,-340.072,-310.962,-425.199,-313.253,-231.666,-165.078,198.307,-125.362,-202.663,-81.677,198.843,392.113,348.710,6.434,260.247,580.295,531.106,597.521,389.092,214.644,26.811
-392.679,-338.263,-7.041,107.777,138.108,-151.403,55.207,179.357,148.190,-314.020,-678.105,-439.267,-322.830,-226.049,-340.466,-324.425,-256.722,-234.824,-236.004,-31.441,127.082,-9.992,-316.251,-165.339,-381.444,-113.130,-64.767,-121.712,138.793,321.305,570.234,559.110,78.276,78.408,18.790,-60.233,-329.792,-196.439,-109.761,-216.973,-191.074,-101.777,-100.916,-88.698,19.547,-134.169,-140.255,-241.268,-147.999,-583.966,-658.317,-585.912,-443.162,-289.082,-627.603,-464.664,19.120,32.435,185.499,-159.680,-209.258,-224.095,-227.299,-278.168,-175.692,-314.748,-332.166,-479.176,-203.946,-146.373,-293.996,-168.140,-33.029,83.701,442.410,94.954,-58.175,-92.680,161.413,327.388,152.099,-124.091,41.313,265.059,271.835,537.805,433.423,298.567,41.414
-264.976,-229.031,107.929,162.126,-1.822,-222.567,-131.759,-21.646,8.707,-386.166,-544.386,-280.755,-118.909,-138.476,-315.012,-398.267,-304.089,-290.235,-194.651,-138.461,-78.335,-145.090,-506.634,-285.086,-593.034,-213.184,-195.965,-218.106,-24.265,150.214,354.522,445.377,105.323,134.527,-39.525,-14.990,-270.827,-91.547,-82.982,-160.304,-116.272,-171.503,-62.269,25.221,88.912,-83.172,-159.003,-186.144,-25.128,-565.551,-641.504,-596.950,-539.174,-419.553,-712.195,-571.591,-65.651,-57.717,194.022,7.517,80.788,87.005,2.527,-22.051,83.547,-65.438,-54.798,-222.960,35.046,128.728,-31.118,103.116,284.681,388.615,698.355,397.494,170.344,-19.542,202.058,235.587,-71.482,-187.622,-114.512,-45.986,6.105,399.003,396.458,331.053,61.116
7.650,55.349,319.390,303.105,-44.062,-197.290,-205.820,-134.626,-80.133,-385.225,-324.986,-100.213,53.529,-86.261,-321.420,-448.196,-287.219,-275.724,-180.088,-249.896,-348.002,-381.127,-702.922,-504.167,-829.417,-399.179,-471.216,-435.838,-336.821,-195.783,-16.028,93.502,-7.703,62.819,-170.808,-72.145,-236.501,-25.653,-37.101,-73.705,26.303,-167.734,57.321,255.538,271.971,108.314,38.738,35.331,241.192,-309.588,-339.265,-319.835,-377.378,-313.367,-511.883,-416.014,-53.640,-7.103,235.227,218.727,442.305,434.745,292.592,214.251,241.299,144.111,225.049,168.171,317.839,454.262,309.604,420.086,629.125,680.148,912.122,698.877,439.299,141.133,345.031,174.375,-231.823,-169.174,-150.847,-242.387,-172.892,243.432,308.886,295.131,57.370
334.076,428.248,568.955,494.618,29.223,-87.202,-140.034,-137.951,-91.421,-304.917,-105.503,32.774,123.848,-109.122,-365.125,-451.540,-212.482,-196.635,-195.162,-318.140,-566.570,-625.364,-837.077,-756.541,-1002.672,-601.410,-790.648,-679.833,-669.742,-568.511,-389.147,-348.524,-187.158,-99.713,-319.763,-217.958,-255.784,-49.344,10.887,23.944,181.597,-92.079,219.623,537.620,498.875,380.491,391.425,363.873,558.844,105.850,124.872,125.871,-23.954,-14.693,-111.602,-48.196,47.970,142.070,266.827,359.250,717.896,682.360,535.666,345.350,256.413,253.131,412.228,557.319,551.377,729.294,629.773,667.632,876.839,869.279,1012.066,891.916,664.882,336.287,540.199,171.018,-278.192,-106.654,-80.820,-289.382,-230.727,113.097,202.813,196.089,6.622
619.080,780.126,793.666,692.543,207.190,81.280,49.162,-40.802,-21.083,-150.542,53.856,85.198,83.777,-196.512,-415.897,-394.163,-104.705,-76.265,-222.147,-305.387,-636.412,-773.568,-858.055,-946.776,-1040.003,-737.504,-1018.307,-833.583,-875.023,-804.232,-611.064,-694.482,-331.246,-275.325,-419.906,-392.556,-327.597,-178.917,31.615,94.104,273.451,11.374,351.290,760.696,662.387,618.785,738.766,677.493,795.399,527.675,559.792,552.459,376.144,353.064,325.624,391.714,197.010,314.529,260.706,357.141,787.845,749.257,657.666,350.254,164.126,256.424,463.745,808.735,657.956,860.415,827.941,750.149,929.285,889.118,944.913,897.303,762.761,484.099,690.855,216.558,-212.579,-62.054,30.303,-227.679,-193.871,16.176,95.408,55.215,-100.482
804.434,1022.393,949.628,860.117,453.219,279.587,310.574,128.335,113.370,59.961,140.494,75.497,-14.033,-294.144,-423.052,-278.009,-0.124,50.740,-231.366,-199.808,-519.809,-755.421,-752.640,-990.433,-914.488,-748.321,-1043.801,-813.720,-852.691,-797.027,-590.799,-801.993,-358.457,-380.677,-419.968,-511.576,-413.766,-378.356,4.162,99.137,242.290,80.669,380.471,817.083,668.692,706.473,896.692,843.574,840.108,792.356,792.721,791.571,667.175,645.406,632.904,735.452,335.471,439.268,218.551,218.132,627.479,643.424,647.530,280.340,56.952,206.510,410.795,855.071,619.076,811.373,847.097,641.294,762.402,731.559,709.939,707.416,694.275,521.251,712.097,282.381,-75.094,-77.571,109.644,-134.164,-120.650,-63.242,-11.210,-97.895,-251.000
886.560,1117.085,1024.787,977.604,714.996,485.266,578.338,335.626,280.798,296.566,184.303,58.923,-90.113,-335.508,-344.975,-123.498,66.032,150.765,-193.820,-20.429,-253.108,-564.817,-549.785,-851.813,-655.744,-622.745,-834.186,-609.188,-595.386,-542.570,-333.735,-629.772,-242.163,-361.192,-302.303,-500.375,-452.403,-566.048,-64.598,28.629,81.526,73.881,278.251,659.039,487.106,585.009,753.376,784.000,661.059,798.951,745.299,769.178,752.826,761.163,712.121,861.700,415.838,480.094,167.953,18.640,316.758,448.241,553.594,228.124,36.814,185.844,341.248,728.733,488.460,626.162,703.906,402.799,444.704,459.154,371.639,398.345,493.106,442.442,585.616,345.545,85.700,-143.298,121.717,-70.186,-61.351,-141.800,-117.243,-231.557,-408.152
904.970,1081.681,1036.762,1043.807,939.325,683.203,794.741,551.098,447.183,521.404,230.877,91.919,-84.857,-280.581,-176.883,35.025,72.634,204.609,-92.947,190.298,71.745,-261.531,-307.187,-561.513,-336.344,-399.995,-450.325,-285.447,-189.614,-133.127,68.880,-245.259,-15.882,-209.384,-86.214,-325.814,-386.891,-646.406,-135.220,-84.696,-147.767,-1.740,81.649,333.002,172.762,290.507,335.954,519.733,327.447,555.725,464.351,532.343,634.396,682.358,570.957,748.139,421.897,446.120,142.775,-137.340,-1.139,273.379,450.378,273.094,161.571,261.840,350.277,540.893,365.269,410.637,483.278,160.045,112.883,183.712,41.086,101.331,255.456,307.959,377.499,404.600,237.796,-197.172,87.919,-48.307,-31.363,-216.676,-211.294,-316.756,-520.578
910.922,970.948,1018.567,1070.475,1086.991,861.341,926.804,750.542,585.002,697.380,309.793,196.118,8.749,-139.611,39.732,160.367,21.495,216.070,68.836,382.445,348.297,56.235,-86.336,-204.613,-40.408,-148.693,-18.951,48.452,226.247,291.012,486.585,216.687,250.439,38.768,183.305,-11.625,-196.754,-553.608,-151.513,-172.261,-335.882,-88.307,-117.384,-30.630,-151.947,-55.211,-190.060,168.848,-17.291,176.839,93.794,216.606,399.473,471.951,308.440,475.369,373.715,379.601,160.469,-173.033,-189.677,197.378,394.856,433.418,412.122,446.987,484.329,419.448,340.520,279.825,298.844,43.652,-86.199,19.490,-167.928,-54.737,95.878,212.618,206.056,474.887,371.790,-159.545,69.830,-35.012,-11.083,-262.095,-267.092,-331.945,-541.530
935.028,847.702,1000.249,1073.393,1142.655,1005.494,971.322,912.955,678.784,799.322,416.345,343.215,144.524,32.086,233.610,226.951,-61.239,211.710,271.069,516.656,500.147,295.561,72.866,116.158,171.454,66.818,326.204,293.216,526.047,607.463,808.112,619.771,488.025,324.113,454.199,369.045,85.370,-287.226,-71.429,-161.089,-372.823,-107.663,-215.031,-272.513,-351.244,-298.219,-593.182,-105.466,-221.362,-170.833,-197.604,-27.529,169.212,233.550,58.689,181.649,314.287,329.522,210.245,-76.036,-181.406,232.114,396.032,649.892,696.663,685.000,708.510,439.037,445.269,297.409,237.718,124.430,-61.559,32.086,-188.187,-2.732,90.040,231.635,175.565,566.916,487.464,15.859,126.812,15.706,30.759,-244.813,-254.911,-268.679,-450.787
971.456,757.342,995.474,1064.700,1116.584,1098.191,948.684,1019.088,726.585,823.521,516.623,470.444,254.322,166.061,339.589,233.198,-131.819,231.224,482.983,577.680,509.552,408.459,166.684,325.470,285.039,215.879,505.068,405.784,650.485,761.957,983.328,882.779,659.678,588.807,683.766,719.965,380.380,78.318,102.454,-15.925,-205.120,-9.093,-150.654,-280.352,-340.628,-326.441,-686.990,-174.047,-198.723,-346.168,-297.050,-110.703,33.284,55.939,-77.367,-7.893,284.674,325.316,259.106,100.564,-2.767,325.926,413.746,812.093,890.933,871.898,916.611,580.570,629.432,439.780,316.979,374.205,178.406,207.419,-29.860,230.523,234.222,373.467,312.814,663.921,573.805,303.901,273.391,121.401,107.657,-148.595,-161.313,-136.537,-268.411
986.014,716.374,998.808,1049.715,1038.304,1123.776,890.410,1055.084,738.562,790.935,572.074,518.811,292.511,221.647,335.560,205.758,-141.956,311.697,674.632,578.696,418.919,409.136,224.790,406.967,332.972,311.621,523.378,415.091,626.067,779.682,1030.685,1000.536,767.662,792.753,846.054,955.231,591.549,417.389,310.797,230.361,127.258,192.028,54.959,-48.532,-130.626,-127.362,-424.727,-9.047,25.367,-299.976,-198.198,-45.122,6.914,-28.341,-77.825,-41.379,300.543,363.565,271.939,271.292,248.272,400.577,386.394,814.637,895.997,903.663,981.378,742.146,784.526,605.477,474.530,673.740,526.216,456.503,223.185,535.796,444.201,567.698,543.918,716.974,599.901,607.062,462.430,250.140,199.880,8.353,-4.178,35.938,-51.398
941.756,716.347,993.529,1028.816,945.290,1077.729,826.811,1020.318,733.756,741.221,568.272,472.465,267.281,212.132,259.664,191.734,-54.707,471.519,826.573,554.945,306.483,361.281,291.366,405.543,372.687,396.477,460.595,399.307,540.709,735.927,1010.679,1023.913,837.525,916.602,929.587,1026.024,643.422,601.773,454.343,477.894,495.748,408.789,300.646,310.766,173.412,200.783,71.547,296.138,321.646,-96.653,2.100,69.699,31.627,-50.171,-1.527,40.398,342.454,412.869,233.485,365.533,456.836,399.422,271.553,615.126,686.525,728.377,821.186,795.915,800.115,667.369,600.154,866.326,820.878,655.008,451.148,772.091,596.390,697.951,727.978,665.958,526.909,796.350,605.658,334.032,263.681,175.344,168.396,207.190,128.151
826.264,736.753,964.447,1002.108,871.158,974.693,779.359,933.941,735.359,718.516,529.969,375.639,239.560,199.902,195.890,239.828,141.216,700.046,933.962,548.766,248.543,342.230,398.833,398.777,452.660,510.843,420.753,437.150,490.446,705.263,982.835,1015.308,890.356,954.757,930.580,931.574,513.724,554.286,436.232,597.991,732.959,518.286,448.615,614.506,417.668,492.366,564.444,567.417,515.909,119.498,157.499,106.361,17.294,-75.708,52.688,133.674,365.270,432.547,158.833,362.389,547.837,319.422,76.533,263.474,326.722,377.345,449.272,660.830,625.042,541.773,592.094,832.663,919.178,700.004,553.070,832.539,591.935,664.922,732.641,477.892,336.604,775.657,621.795,310.525,260.027,291.653,297.766,335.499,215.116
664.283,757.561,908.013,973.103,836.951,849.095,758.651,833.389,764.201,753.857,512.045,315.066,288.567,261.208,232.473,376.943,423.191,957.137,1003.452,591.226,285.587,401.957,546.876,451.834,583.597,662.034,472.787,559.791,526.031,718.416,970.806,1007.343,922.234,907.311,848.805,713.102,244.387,284.276,212.088,494.496,708.008,423.678,391.960,694.175,471.678,592.855,813.067,633.733,472.887,197.025,148.698,-18.109,-99.161,-160.741,5.769,133.277,322.123,394.432,85.807,294.986,515.877,210.080,-138.651,-114.029,-53.961,-41.118,-21.181,352.362,300.718,238.321,410.950,551.068,760.759,557.801,492.921,694.103,411.488,446.688,511.936,180.739,59.060,536.607,486.187,167.163,185.114,318.302,344.099,394.781,198.887
508.003,764.900,833.980,948.317,847.006,745.371,765.679,761.841,830.777,851.302,569.678,374.768,462.322,438.638,412.759,590.373,735.929,1183.168,1044.718,687.111,406.653,537.089,697.509,579.141,729.238,811.363,612.248,729.817,627.408,749.935,953.866,987.914,904.658,778.810,690.428,436.583,-72.810,-110.940,-176.560,159.626,393.191,111.994,113.142,479.323,291.625,434.657,688.849,413.797,164.864,53.735,-55.207,-294.979,-311.558,-313.871,-155.107,-7.405,190.710,296.578,53.307,224.059,415.699,141.546,-288.496,-369.953,-314.705,-384.145,-421.550,-18.049,-52.512,-136.966,103.334,113.066,397.309,280.668,315.176,427.497,131.756,122.539,142.938,-130.374,-220.838,173.671,253.682,-37.910,82.877,261.784,309.658,386.660,122.081
410.022,749.447,757.974,932.270,888.892,700.210,793.303,748.285,927.841,983.888,723.341,586.255,740.838,707.453,703.943,824.972,1003.435,1316.385,1060.943,809.401,557.245,692.399,789.602,733.257,822.142,888.059,764.685,859.259,718.595,741.411,887.442,917.686,806.420,585.118,476.063,172.890,-329.546,-480.397,-604.779,-305.517,-111.292,-323.820,-296.951,37.922,-55.639,72.901,238.382,-37.424,-308.663,-280.483,-380.101,-625.473,-542.337,-488.843,-367.761,-249.824,-11.634,162.999,78.103,197.952,322.246,161.232,-305.702,-404.263,-362.728,-534.515,-602.379,-294.890,-290.753,-429.340,-217.449,-314.476,-27.896,-15.440,122.506,162.939,-106.534,-155.819,-202.028,-324.581,-388.400,-151.625,39.922,-194.650,29.596,175.726,242.102,342.472,64.221
393.912,702.253,689.672,920.550,936.204,724.355,826.386,789.785,1027.137,1101.725,938.250,901.362,1033.858,975.873,1001.718,999.052,1149.537,1311.725,1043.172,906.248,665.371,788.245,766.810,827.473,797.227,824.384,828.435,857.484,713.705,644.797,738.928,766.693,623.438,362.006,247.008,-18.055,-439.332,-676.209,-906.459,-721.252,-610.151,-714.020,-671.482,-447.896,-419.990,-336.969,-337.672,-546.830,-760.827,-675.065,-681.985,-869.435,-681.846,-609.439,-527.641,-490.347,-231.984,31.234,143.898,223.149,284.824,264.086,-178.421,-212.848,-191.969,-451.280,-502.692,-355.976,-316.460,-511.027,-424.716,-563.617,-341.387,-202.044,26.194,28.421,-165.314,-234.659,-337.172,-293.717,-348.266,-282.670,-31.831,-192.076,96.687,137.771,213.807,312.563,106.157
438.981,613.882,623.999,895.612,953.708,793.264,841.775,846.561,1083.759,1149.473,1131.264,1204.355,1216.846,1122.011,1171.531,1034.440,1121.341,1154.627,971.632,918.826,672.768,759.529,605.751,780.994,626.477,594.208,733.165,683.173,568.322,459.373,516.774,545.879,396.887,165.643,61.641,-97.000,-366.098,-610.034,-941.033,-901.788,-892.224,-882.328,-838.585,-760.856,-634.298,-609.351,-778.828,-898.691,-998.741,-958.544,-815.662,-915.015,-647.546,-612.118,-543.600,-615.107,-403.074,-64.526,209.771,262.520,301.121,393.318,39.014,108.067,115.443,-187.597,-180.057,-175.858,-127.461,-346.779,-439.386,-541.058,-414.676,-195.031,92.556,89.808,21.362,-36.541,-158.948,-10.096,-74.760,-141.955,107.525,24.018,310.830,211.969,286.000,345.864,290.933
488.430,479.448,541.299,829.393,905.120,853.021,810.914,855.403,1049.196,1086.390,1204.197,1359.912,1188.289,1050.639,1108.530,888.858,907.772,865.179,823.886,803.887,557.350,586.505,330.464,563.341,337.014,234.240,482.004,371.857,308.040,240.028,275.122,313.075,205.403,58.721,-21.313,-50.348,-133.336,-286.832,-656.136,-739.019,-821.972,-725.614,-698.185,-745.572,-588.422,-612.552,-885.535,-931.852,-908.533,-997.487,-703.226,-733.445,-430.758,-481.995,-386.734,-559.458,-471.215,-105.829,234.002,261.843,324.144,471.031,248.557,404.514,424.662,132.438,214.082,157.544,180.131,-15.122,-268.214,-269.475,-219.920,8.074,310.163,320.409,409.139,393.056,293.641,447.264,363.543,228.812,433.871,417.041,633.175,414.919,475.197,467.557,599.420
477.599,306.761,417.487,693.642,763.655,841.082,707.148,757.656,889.943,901.132,1088.535,1274.579,919.540,741.743,788.060,576.532,545.985,491.530,586.597,552.499,338.333,302.777,5.550,214.748,2.759,-164.627,154.154,23.362,18.813,71.411,90.400,148.527,131.762,85.006,32.263,107.693,187.590,197.182,-117.152,-258.238,-401.477,-264.816,-268.559,-377.942,-276.564,-326.663,-607.775,-612.267,-504.793,-756.856,-369.927,-391.813,-105.290,-262.007,-106.445,-340.100,-417.285,-92.575,200.145,188.457,296.074,441.567,353.847,534.589,604.219,367.342,502.794,482.228,457.085,326.878,-0.236,124.765,158.303,326.468,592.519,613.056,855.908,895.998,846.893,915.292,821.372,683.043,834.064,868.153,969.935,702.454,739.221,664.366,952.805
368.008,121.157,239.300,474.413,523.586,713.937,516.723,529.497,604.688,615.784,779.920,941.586,471.781,266.082,282.208,167.204,112.217,95.559,266.032,197.461,64.381,-21.622,-288.998,-168.081,-286.533,-492.974,-133.314,-244.759,-195.172,22.407,22.483,113.435,219.988,244.194,210.607,336.086,503.742,691.013,512.091,383.106,226.625,358.351,319.249,225.063,202.821,151.194,-60.436,-46.873,77.378,-313.972,68.195,-19.025,207.032,-30.438,194.214,-43.481,-261.240,-36.663,130.232,58.600,188.229,303.648,306.425,432.712,578.410,417.993,563.471,638.290,571.895,518.751,236.546,470.866,559.701,629.877,814.366,827.789,1180.307,1266.253,1267.172,1211.794,1132.302,1032.215,1152.611,1224.520,1210.429,983.956,990.890,884.606,1241.742
169.390,-38.792,16.278,183.843,208.569,469.306,249.078,199.207,231.839,278.179,345.128,446.662,-28.549,-240.866,-266.155,-237.084,-300.564,-263.522,-107.045,-193.869,-207.138,-311.270,-488.868,-473.272,-463.160,-668.102,-283.385,-353.034,-262.754,107.176,82.159,215.427,446.362,482.220,451.565,573.643,731.162,1044.944,1031.476,956.756,837.944,938.565,876.065,857.981,692.246,654.250,538.232,566.179,642.127,178.575,457.108,256.050,395.833,140.188,410.204,221.818,-49.410,47.714,76.501,-63.798,23.711,113.804,129.959,138.491,354.568,267.191,381.238,543.514,472.120,474.412,336.358,630.933,816.657,792.254,864.847,852.532,1239.609,1339.848,1367.364,1214.032,1178.486,1128.321,1259.151,1364.268,1274.443,1158.297,1133.973,1054.467,1369.713
-62.321,-135.544,-217.985,-137.735,-128.650,151.796,-59.604,-158.908,-158.089,-53.823,-102.640,-68.218,-443.485,-634.562,-700.239,-538.140,-610.468,-541.716,-480.402,-538.978,-428.905,-513.317,-566.963,-620.529,-506.827,-666.069,-264.980,-295.181,-178.324,275.691,223.532,401.376,722.294,706.409,661.442,753.604,819.490,1164.076,1283.622,1259.370,1220.768,1291.618,1232.041,1314.906,1042.146,1020.788,970.997,1025.182,1015.077,561.355,671.712,362.283,415.294,219.584,485.477,381.663,167.500,150.420,94.710,-98.011,-130.408,-40.703,-89.607,-222.541,15.705,-17.382,51.165,231.495,206.263,223.544,264.206,558.583,824.058,742.078,694.117,649.809,991.510,1068.179,1093.554,914.047,942.411,927.912,1105.240,1247.173,1146.183,1155.615,1105.179,1105.397,1291.777
-250.954,-151.227,-417.580,-432.547,-418.673,-162.197,-353.787,-453.452,-484.649,-329.777,-449.115,-465.489,-679.898,-820.340,-911.139,-675.713,-769.861,-715.478,-790.914,-764.857,-572.657,-608.841,-535.406,-589.824,-444.861,-524.663,-122.274,-134.020,1.208,440.141,366.357,582.502,930.782,822.325,752.191,824.416,763.702,1038.886,1215.206,1199.144,1263.195,1327.408,1300.958,1470.643,1167.648,1159.234,1115.917,1207.679,1109.994,734.442,665.692,311.840,303.334,231.173,436.609,430.603,353.745,264.803,212.496,8.811,-197.296,-85.077,-243.534,-496.370,-316.043,-316.351,-270.595,-165.660,-103.518,-104.292,68.255,312.206,580.534,488.696,334.074,270.530,512.394,540.731,550.217,424.062,516.128,509.385,744.736,928.150,879.309,967.002,903.052,1002.577,1032.395
-337.592,-100.962,-544.391,-646.039,-598.419,-394.892,-576.305,-615.571,-686.660,-519.724,-624.279,-667.918,-721.926,-788.369,-877.145,-645.701,-775.770,-780.046,-980.106,-829.358,-627.620,-605.223,-429.033,-419.484,-328.742,-317.346,56.095,38.382,191.558,522.815,436.561,678.225,979.775,776.358,681.037,769.659,600.691,741.922,893.299,832.739,993.694,1078.451,1103.599,1318.872,1070.773,1074.246,986.278,1110.553,951.654,691.483,483.136,183.534,157.661,232.541,337.499,425.606,495.964,381.655,409.614,247.443,-132.500,5.983,-250.830,-569.000,-528.440,-511.728,-442.230,-480.675,-322.925,-344.908,-148.919,18.897,184.523,115.424,-114.107,-168.502,-34.913,-52.571,-47.396,-70.987,63.395,37.741,309.946,529.650,572.220,650.157,590.977,763.311,675.705
-311.025,-32.271,-586.851,-748.847,-636.796,-499.719,-690.215,-630.801,-746.575,-619.409,-627.464,-684.074,-626.419,-610.103,-664.777,-496.167,-664.911,-744.495,-1010.795,-732.582,-593.987,-519.002,-282.048,-178.623,-201.891,-114.045,188.644,152.761,326.857,498.161,402.818,654.325,845.381,582.526,472.818,617.078,392.916,393.348,469.755,334.774,558.141,673.569,743.649,954.749,822.544,846.085,702.331,832.772,649.196,508.823,229.984,75.873,82.353,276.486,274.525,444.034,596.861,483.098,621.279,542.146,48.522,195.581,-96.443,-415.069,-560.657,-536.103,-401.883,-589.264,-370.039,-381.477,-284.485,-191.237,-211.392,-255.727,-518.848,-531.345,-468.137,-501.064,-469.620,-391.541,-247.814,-305.050,-43.749,188.716,326.922,309.589,273.496,457.242,333.721
-215.714,-8.217,-567.372,-749.559,-551.473,-481.133,-695.152,-547.207,-698.825,-647.486,-522.091,-593.641,-487.503,-400.743,-394.179,-304.816,-497.105,-627.942,-880.486,-515.750,-479.154,-363.828,-113.246,67.364,-78.724,48.400,242.692,196.528,389.175,404.225,288.916,534.169,581.867,317.839,211.695,429.306,204.858,110.279,110.564,-85.705,146.619,273.047,352.717,517.459,519.458,579.482,416.308,515.206,337.690,299.466,21.859,55.974,133.663,375.323,296.986,530.695,661.268,542.073,764.013,779.739,271.992,401.089,159.867,-106.326,-422.444,-397.698,-193.180,-465.977,-251.562,-202.642,-287.187,-247.543,-466.745,-511.996,-766.845,-713.491,-657.270,-658.505,-571.169,-436.076,-311.823,-392.077,-198.981,4.548,211.127,59.985,56.776,186.505,106.439
-132.665,-80.234,-533.404,-691.028,-406.658,-391.952,-629.669,-454.588,-617.000,-637.101,-404.184,-502.794,-390.806,-267.741,-187.271,-149.096,-334.999,-459.181,-627.405,-249.290,-300.976,-153.295,70.542,277.591,51.868,169.801,241.821,209.895,405.278,315.807,155.089,377.270,292.271,85.864,3.365,277.035,80.094,-39.006,-76.771,-281.666,-93.543,-1.161,34.147,126.014,239.428,351.782,233.785,271.528,118.471,157.386,-65.984,130.379,293.101,489.358,389.612,664.809,684.601,529.754,771.703,858.305,435.701,529.756,406.962,221.099,-186.397,-172.986,59.175,-192.917,-55.054,91.406,-181.397,-168.621,-511.194,-591.282,-802.782,-676.938,-571.047,-496.852,-347.260,-216.400,-122.274,-195.903,-117.360,8.757,239.181,-13.299,9.975,51.270,49.485
-141.758,-262.730,-535.125,-630.438,-289.290,-308.750,-556.572,-443.233,-583.693,-625.074,-360.109,-493.274,-380.320,-269.755,-122.630,-81.644,-228.021,-278.187,-325.926,-14.493,-95.381,83.566,255.512,432.833,200.777,264.122,235.997,247.225,414.306,294.032,59.082,238.566,74.482,-34.757,-75.635,205.438,26.942,-57.350,-84.241,-231.055,-117.017,-107.038,-167.672,-159.399,18.997,187.007,172.111,145.049,25.705,119.715,-24.519,250.284,480.509,546.859,481.525,766.551,651.540,428.139,624.298,731.507,452.265,515.110,526.526,423.541,40.795,27.058,209.486,80.072,96.125,336.728,-52.857,-47.374,-370.427,-502.186,-646.579,-459.076,-281.447,-108.490,75.112,156.998,233.554,209.429,153.837,166.523,376.294,116.824,142.304,112.004,159.842
-283.165,-521.885,-599.915,-611.589,-271.520,-296.281,-536.084,-560.921,-654.910,-641.430,-432.361,-589.421,-451.106,-402.415,-214.753,-119.350,-204.705,-134.916,-70.225,116.435,79.977,287.817,400.994,515.967,348.063,327.648,254.518,328.096,428.349,341.970,19.616,133.270,-28.641,-30.588,-16.546,210.562,18.379,-8.879,5.410,-36.476,14.075,-79.830,-262.204,-336.046,-140.851,65.419,173.046,109.220,30.458,162.477,96.031,344.854,598.354,485.047,486.359,740.621,546.045,241.375,355.390,427.111,285.086,337.777,438.401,404.978,155.835,101.063,156.758,202.664,100.911,382.776,-5.013,-1.327,-150.875,-317.126,-384.052,-155.728,71.441,338.942,501.052,528.222,616.095,683.809,507.068,401.235,559.058,409.306,402.662,362.089,381.698
