-228.873,-263.603,8.269,-114.543,-372.024,-207.281,-326.085,-399.200,-14.483,-114.951,131.463,169.644,543.303,888.037,590.608,714.762,920.962,797.167,751.901,835.049,592.373,601.803,216.080,629.255,875.394,771.015,875.019,638.652,775.480,726.929,612.601,747.419,296.851,49.504,-64.601,-81.823,-314.983,-718.914,-739.482,-669.341,-435.876,-467.909,-333.046,-312.319,-424.260,-424.854,-80.586,-75.346,-316.971,-511.015,-466.625,-760.154,-742.239,-486.616,-416.002,-469.268,-196.071,-149.974,-141.455,-115.051,-199.254,-193.473,-164.163,-191.812,-76.755,-309.196,-382.008,-131.998,18.349,100.467,-4.918,502.702,362.378,378.835,16.120,-145.226,-66.517,157.736,99.655,182.455,39.234,40.599,-129.326,149.048,36.332,77.771,9.265,-361.269,-700.298
-825.798,-900.830,-693.857,-747.248,-919.524,-775.945,-965.073,-936.386,-507.721,-654.238,-295.202,-356.012,50.838,254.310,20.283,216.261,503.539,469.930,506.291,715.352,523.249,561.063,239.207,549.362,751.761,747.725,831.016,572.400,663.809,663.925,425.424,603.183,256.541,53.887,-76.755,-177.771,-455.413,-895.706,-1022.504,-1139.342,-875.400,-980.246,-850.431,-902.350,-905.687,-792.812,-550.437,-614.556,-800.945,-952.952,-998.840,-1222.809,-1107.101,-944.544,-758.209,-714.115,-462.726,-486.366,-273.014,-227.525,-197.863,-164.212,-198.105,-125.267,-178.241,-404.642,-342.463,-123.169,56.349,92.708,-17.742,482.651,333.426,373.135,-16.804,-198.010,-70.245,299.284,105.991,69.383,-264.663,-174.365,-392.612,-17.712,-81.844,-191.079,-257.892,-567.599,-902.826
-1222.987,-1302.348,-1206.578,-1174.506,-1211.506,-1100.009,-1336.939,-1202.694,-763.525,-949.755,-547.131,-657.187,-294.106,-288.856,-428.041,-186.455,115.825,174.765,283.288,560.442,447.647,463.606,327.949,478.043,594.362,650.218,690.232,524.752,563.307,608.658,285.764,477.239,347.426,213.052,86.231,-89.008,-348.045,-761.327,-904.966,-1165.686,-909.797,-1056.659,-994.063,-1133.395,-1073.592,-891.321,-777.672,-925.908,-1056.729,-1141.521,-1230.079,-1346.408,-1165.159,-1106.265,-874.888,-728.751,-550.910,-581.627,-219.966,-130.930,-17.739,33.828,-26.862,170.248,-9.458,-156.814,-6.670,149.293,311.579,302.248,151.670,573.659,464.044,487.462,134.564,6.247,108.117,437.945,104.414,-58.747,-509.961,-365.179,-621.457,-245.448,-232.188,-467.408,-531.611,-690.327,-944.180
-1354.882,-1403.592,-1440.147,-1341.194,-1246.980,-1151.313,-1374.269,-1163.551,-746.348,-954.229,-600.133,-680.503,-407.745,-585.015,-631.123,-396.669,-123.329,-2.405,153.463,423.161,386.951,356.050,455.284,437.995,459.605,511.749,505.806,499.025,503.580,587.579,254.185,411.859,545.004,493.058,391.316,167.694,-21.803,-364.712,-416.971,-723.727,-519.028,-663.801,-714.031,-928.966,-875.616,-673.051,-674.885,-880.288,-972.138,-1000.567,-1072.935,-1076.981,-889.921,-904.038,-712.314,-498.082,-411.051,-383.333,17.080,150.229,316.707,362.604,332.472,646.973,413.672,375.466,530.489,597.155,702.306,675.772,464.223,750.584,710.575,695.516,428.665,395.853,423.016,539.177,113.787,-150.175,-620.590,-471.926,-758.273,-473.838,-373.806,-662.866,-709.971,-689.699,-810.806
-1238.778,-1234.006,-1394.123,-1276.721,-1103.325,-986.012,-1125.359,-892.995,-529.672,-746.066,-521.747,-498.378,-327.644,-605.116,-589.509,-414.619,-167.389,-37.013,133.045,327.492,333.496,267.130,564.980,426.569,371.469,363.438,327.809,466.235,475.841,599.966,335.129,416.508,774.753,805.825,735.883,489.001,387.118,144.887,262.754,32.024,154.602,54.756,-117.910,-368.170,-388.164,-202.315,-277.494,-479.296,-553.002,-576.442,-596.135,-515.463,-385.574,-410.436,-316.210,-93.952,-83.878,32.705,347.172,490.587,690.719,698.879,752.144,1139.520,932.720,983.198,1058.622,1029.921,1063.484,1065.177,799.695,916.651,945.041,888.213,730.674,787.153,731.669,548.349,129.235,-188.953,-590.874,-485.093,-795.004,-660.535,-487.655,-744.647,-744.708,-585.104,-565.120
-950.826,-885.132,-1129.983,-1052.815,-876.535,-698.425,-711.887,-517.718,-241.760,-469.112,-414.299,-251.170,-170.336,-432.661,-400.354,-310.180,-46.464,37.068,189.061,268.954,263.579,196.436,594.912,417.958,316.731,226.934,185.686,386.080,445.799,621.257,475.979,465.374,941.727,1042.410,985.960,728.211,694.788,581.133,878.535,828.114,863.620,837.613,575.659,347.556,216.792,370.731,272.210,142.112,72.928,-18.779,9.525,126.847,157.809,192.607,185.123,350.321,312.003,494.556,627.938,719.623,943.980,883.512,1042.535,1423.974,1304.142,1386.843,1329.275,1224.010,1205.062,1273.633,988.547,931.751,998.870,909.740,859.323,956.510,848.502,405.807,109.959,-210.222,-490.169,-448.819,-772.460,-793.892,-582.713,-741.951,-657.280,-438.235,-310.910
-590.615,-468.533,-734.265,-739.438,-630.470,-373.524,-266.828,-151.627,3.075,-249.440,-348.349,-64.660,-54.015,-198.889,-187.302,-167.795,159.118,153.873,264.839,228.748,159.948,121.013,504.099,375.798,258.125,111.789,82.593,234.073,377.176,614.135,590.943,508.945,967.582,1113.804,1030.644,761.569,754.351,798.807,1203.384,1383.786,1357.194,1413.754,1128.222,975.936,741.958,869.977,785.234,770.171,704.302,483.342,518.959,622.460,548.829,693.576,632.052,691.744,628.990,811.518,731.504,703.277,943.430,796.496,1039.664,1318.021,1307.929,1359.225,1164.285,1020.183,993.468,1136.752,878.884,674.458,737.046,629.555,666.922,741.580,631.415,77.706,-6.257,-281.090,-424.989,-431.924,-750.387,-882.580,-679.003,-715.009,-516.966,-313.726,-135.981
-250.974,-83.504,-292.663,-383.579,-381.246,-61.630,115.688,145.301,151.984,-134.646,-324.536,11.741,-30.941,-7.161,-29.049,-37.107,360.164,250.309,311.143,191.376,29.893,15.694,291.920,271.137,157.959,16.771,2.705,19.944,252.377,542.686,598.806,494.611,819.634,982.071,828.267,545.677,524.816,750.840,1131.389,1524.084,1481.342,1610.540,1375.532,1326.822,1039.889,1159.520,1101.343,1198.513,1145.128,779.041,770.362,825.273,677.417,941.381,895.894,833.139,753.190,858.704,604.181,410.768,649.163,421.249,689.401,775.269,857.188,835.165,545.692,404.987,419.765,603.984,410.990,110.737,129.733,16.956,116.357,125.026,59.261,-412.160,-266.407,-457.185,-478.981,-484.764,-767.491,-933.561,-781.167,-708.690,-396.852,-241.584,-65.298
-1.270,197.143,118.176,-16.511,-118.893,217.838,398.391,368.301,219.661,-85.366,-283.407,15.725,-65.916,112.573,74.462,83.982,494.718,292.831,307.499,155.118,-92.316,-124.783,1.117,98.001,0.303,-66.444,-73.917,-212.617,80.261,385.439,457.982,388.042,521.121,670.497,423.662,138.357,90.084,498.860,716.050,1244.232,1233.170,1413.755,1283.009,1326.960,1060.954,1187.578,1146.214,1307.224,1279.201,811.343,726.322,725.119,555.496,902.918,924.693,757.926,651.500,628.395,290.065,-67.204,140.552,-135.192,85.482,-74.241,54.144,-45.921,-358.375,-465.400,-380.185,-220.269,-337.354,-666.195,-714.266,-820.651,-683.473,-741.020,-738.966,-968.946,-662.783,-740.043,-663.693,-607.583,-816.053,-936.614,-862.780,-720.718,-334.227,-203.619,-51.996
117.547,328.037,429.048,324.792,154.533,454.617,586.461,537.754,256.940,-18.180,-154.372,31.573,-69.532,198.473,182.876,228.135,544.218,284.886,265.085,130.284,-161.064,-275.245,-296.957,-120.402,-198.650,-148.461,-157.352,-404.522,-110.609,144.455,184.330,187.362,140.633,251.508,-70.497,-326.617,-380.810,175.026,139.346,698.732,747.784,956.162,941.687,1032.188,856.718,992.403,948.023,1101.241,1108.084,627.808,472.920,436.026,297.783,663.024,754.003,529.759,381.494,225.556,-92.385,-558.221,-411.531,-678.905,-560.444,-961.849,-838.524,-988.379,-1249.985,-1316.071,-1168.282,-1101.222,-1162.063,-1450.591,-1572.824,-1660.023,-1505.165,-1585.246,-1521.618,-1444.969,-1114.672,-1061.300,-907.496,-748.673,-846.568,-867.952,-874.788,-704.457,-317.170,-151.144,-11.693
93.171,289.951,580.613,584.852,399.833,627.804,697.255,662.539,305.206,129.030,87.352,126.368,36.379,309.943,358.895,416.616,526.636,254.703,212.697,127.948,-145.009,-388.337,-528.672,-337.848,-396.039,-236.833,-241.542,-507.907,-286.642,-151.194,-154.597,-74.608,-232.765,-179.667,-518.691,-697.926,-712.059,-83.571,-371.482,124.169,228.672,445.351,512.699,587.943,543.029,673.166,611.652,695.089,738.770,345.908,163.474,128.777,55.859,371.218,481.418,259.135,61.059,-186.730,-407.369,-886.044,-814.433,-1007.865,-1005.663,-1583.758,-1501.959,-1660.640,-1819.317,-1860.913,-1694.975,-1759.384,-1802.588,-1994.500,-2188.643,-2240.954,-2085.807,-2122.982,-2025.839,-1687.986,-1486.351,-1305.636,-1089.520,-833.103,-799.647,-711.442,-775.480,-604.323,-302.463,-42.330,119.713
-57.223,93.708,537.754,700.633,547.940,703.664,736.111,721.934,364.804,348.866,390.921,301.856,261.148,471.443,610.920,625.698,475.037,232.710,175.690,147.561,-48.411,-418.282,-644.838,-501.115,-539.905,-330.792,-307.627,-506.401,-421.919,-448.658,-464.906,-340.060,-517.572,-533.550,-812.877,-869.780,-799.089,-194.559,-639.350,-265.300,-142.260,68.874,151.467,161.454,244.592,343.943,267.587,255.830,330.587,94.164,-59.963,-54.745,-58.195,165.608,220.156,54.192,-185.847,-462.233,-562.403,-948.045,-933.252,-996.921,-1080.783,-1725.186,-1694.899,-1833.591,-1872.783,-1920.012,-1799.606,-1982.467,-2043.779,-2106.933,-2369.029,-2369.707,-2231.300,-2171.774,-2074.087,-1601.730,-1638.111,-1363.014,-1101.084,-805.169,-645.984,-482.677,-564.228,-401.358,-251.381,124.139,338.867
-286.310,-212.748,310.829,633.185,537.104,652.976,692.530,676.839,394.673,561.170,646.101,489.400,529.896,642.800,870.933,784.903,415.534,231.921,160.191,172.166,84.603,-347.744,-636.616,-569.176,-589.971,-417.547,-333.667,-418.554,-502.172,-681.777,-659.774,-543.741,-660.750,-747.148,-906.290,-820.221,-648.526,-155.840,-601.770,-360.915,-272.552,-78.039,-51.249,-121.595,48.184,93.343,21.105,-66.711,28.191,-40.869,-126.567,-61.701,-19.014,113.418,54.710,-21.119,-280.498,-529.847,-542.322,-754.822,-743.760,-649.750,-763.076,-1349.007,-1355.550,-1473.805,-1412.919,-1493.289,-1475.164,-1713.607,-1805.366,-1738.228,-2064.337,-2001.294,-1896.430,-1725.582,-1648.531,-1191.827,-1488.493,-1183.922,-902.232,-660.118,-410.149,-237.271,-296.515,-139.446,-160.021,300.423,567.317
-521.813,-543.998,-31.587,400.190,357.151,475.686,556.155,501.592,341.076,655.892,737.738,589.230,719.686,734.684,1022.545,810.702,356.318,241.551,150.762,175.023,186.793,-202.782,-534.502,-527.750,-532.451,-472.551,-304.989,-283.697,-520.367,-787.978,-687.495,-632.117,-646.200,-792.774,-818.369,-608.860,-362.681,-28.166,-318.601,-185.841,-177.190,-11.994,-87.017,-210.134,-16.678,-34.740,-77.298,-191.326,-89.118,-38.380,-51.353,64.306,115.791,195.661,17.334,36.208,-214.415,-409.808,-402.118,-414.880,-335.810,-94.357,-184.677,-608.619,-624.694,-749.568,-632.895,-756.083,-867.592,-1074.761,-1177.759,-1009.596,-1390.117,-1262.655,-1204.831,-955.027,-899.851,-573.823,-1057.480,-808.256,-543.527,-447.180,-163.133,-53.220,-66.959,86.738,-64.927,412.545,690.324
-682.634,-793.223,-373.673,85.418,71.610,214.888,339.076,214.513,176.614,556.878,608.424,529.454,726.538,660.336,964.430,657.095,291.229,235.963,121.574,134.194,198.174,-46.531,-392.082,-393.934,-383.713,-465.858,-220.415,-139.532,-470.491,-728.329,-544.766,-578.288,-491.617,-676.832,-613.057,-338.920,-79.727,111.252,73.923,139.862,54.004,173.419,-5.368,-122.934,32.752,-37.301,-33.001,-119.902,-22.655,67.873,95.812,226.138,253.415,337.964,91.333,180.478,-39.633,-186.059,-226.639,-75.412,131.632,474.247,427.444,219.944,219.610,50.937,171.562,21.000,-209.939,-313.465,-386.300,-171.129,-582.276,-404.878,-399.517,-134.599,-86.239,64.387,-467.201,-351.340,-141.718,-242.369,13.387,6.803,34.638,178.551,-20.115,403.037,622.382
-704.628,-865.459,-590.330,-187.330,-199.963,-51.936,87.310,-113.999,-74.283,269.944,294.164,309.710,524.885,392.703,673.060,352.784,212.535,192.469,53.684,46.407,94.781,46.710,-262.952,-210.141,-183.393,-374.466,-92.878,-5.211,-347.288,-504.834,-273.021,-388.977,-238.659,-433.437,-364.768,-105.471,97.326,215.820,434.877,471.021,315.451,371.605,131.766,82.331,159.749,64.662,112.680,83.984,166.057,222.907,242.777,337.595,327.103,464.673,233.076,348.041,166.251,44.932,-82.206,148.455,500.365,876.049,850.652,854.409,883.840,648.843,731.190,589.781,277.934,303.105,301.174,495.985,96.009,295.502,254.563,469.783,530.476,532.726,103.761,47.411,177.714,-106.645,71.486,-66.706,-27.829,90.284,-59.121,269.045,363.347
-566.630,-716.427,-598.529,-307.271,-334.272,-242.680,-128.626,-383.649,-338.665,-112.125,-87.577,4.307,185.362,-7.722,227.855,0.564,122.959,107.082,-51.909,-68.563,-99.215,24.795,-181.611,-30.768,18.261,-196.798,53.959,120.096,-154.856,-167.795,57.651,-102.779,58.070,-116.843,-130.022,43.376,145.672,290.611,678.631,706.052,537.075,519.128,287.694,344.117,332.789,241.856,307.869,335.072,394.965,383.705,356.352,371.488,334.424,542.711,396.990,488.298,339.241,219.338,12.584,220.097,674.516,1014.585,958.520,1117.854,1180.020,890.016,912.848,824.379,477.830,598.176,682.312,791.196,455.926,643.459,573.662,703.138,786.245,712.748,493.597,288.061,340.905,-53.064,24.982,-215.122,-210.403,-136.365,-165.342,73.203,12.432
-303.518,-377.753,-397.140,-230.491,-265.046,-306.451,-241.149,-506.627,-525.929,-450.806,-392.000,-276.163,-159.450,-412.654,-217.938,-264.895,38.770,-0.844,-172.859,-176.499,-322.644,-117.983,-156.123,93.039,173.251,37.492,190.519,243.125,80.765,192.266,369.151,218.801,340.062,206.389,63.079,114.673,120.034,376.872,795.757,819.117,702.138,615.530,459.875,616.767,533.290,461.836,506.929,562.457,597.766,533.662,449.499,365.473,330.997,590.427,549.777,579.269,451.813,323.020,82.627,182.781,647.500,902.805,764.319,997.011,1091.440,794.816,760.443,758.114,410.439,549.745,695.884,671.454,450.507,595.116,520.491,570.824,670.839,602.956,624.686,354.111,357.600,-41.358,-55.635,-332.220,-402.643,-382.255,-270.123,-81.071,-271.020
2.990,47.406,-72.574,-4.934,-19.503,-246.045,-216.972,-448.117,-569.894,-627.134,-514.880,-441.738,-382.195,-684.508,-507.235,-340.914,-17.683,-97.357,-276.227,-246.182,-506.106,-337.627,-173.689,125.971,245.542,269.436,286.241,357.159,305.368,468.661,593.524,504.771,552.026,467.030,206.813,148.164,106.953,511.133,830.424,845.177,827.670,700.930,658.652,868.544,744.881,684.117,673.485,725.907,740.127,673.435,554.216,385.554,384.922,649.113,669.553,622.670,510.424,376.871,164.846,120.350,486.955,639.385,399.904,626.116,757.326,524.232,452.318,544.377,207.532,282.225,433.006,260.028,181.162,262.301,206.087,217.885,317.104,315.128,533.303,314.667,308.924,-3.010,-79.917,-313.737,-477.914,-503.795,-282.859,-98.891,-342.573
254.566,420.849,236.466,249.374,290.524,-114.533,-75.416,-243.456,-460.206,-596.333,-438.668,-465.557,-423.359,-742.373,-553.563,-208.818,-30.628,-150.679,-335.039,-265.954,-603.315,-559.487,-213.607,56.256,217.318,427.349,315.194,431.902,445.954,572.473,684.985,689.625,648.986,606.036,297.003,179.449,163.792,685.076,833.117,833.861,925.418,809.574,873.207,1066.363,935.427,854.315,774.546,810.530,813.127,798.595,681.010,471.866,520.622,737.889,736.187,625.776,533.808,405.241,271.478,102.536,290.813,352.510,44.926,210.652,390.286,285.242,201.108,365.876,36.702,-6.479,82.449,-214.964,-156.457,-146.325,-168.640,-146.936,-67.845,22.745,347.078,283.915,298.497,116.937,13.070,-112.481,-356.815,-403.909,-139.185,56.946,-146.211
374.909,623.635,400.374,397.053,519.915,12.304,116.692,17.123,-247.427,-403.780,-233.562,-388.367,-314.910,-599.456,-380.380,54.637,-0.169,-146.332,-341.209,-249.575,-608.600,-709.738,-259.072,-101.656,92.916,454.055,263.355,422.325,436.856,464.775,625.833,727.313,604.640,589.269,321.009,211.652,277.858,832.437,818.989,803.611,971.552,930.047,1050.051,1163.839,1048.226,908.059,775.953,810.431,814.566,882.287,793.677,601.096,687.643,822.800,724.423,584.424,528.591,410.161,372.412,146.215,139.428,141.550,-156.631,-68.658,170.887,225.638,148.246,340.524,17.700,-144.255,-161.330,-523.060,-361.206,-418.620,-402.990,-344.839,-296.074,-115.852,220.562,358.662,393.445,324.276,218.808,229.920,-51.506,-84.912,157.867,342.479,251.675
338.702,603.322,356.488,352.704,558.380,72.630,271.710,228.194,-20.168,-155.850,-14.945,-284.639,-153.263,-351.655,-104.451,314.199,57.923,-92.431,-307.760,-227.336,-551.880,-743.745,-301.357,-309.020,-99.363,333.853,136.660,294.572,252.819,174.166,427.900,602.018,419.801,419.383,259.636,212.144,369.223,854.192,756.388,724.723,906.690,997.619,1101.861,1106.360,1013.674,789.294,647.278,716.512,734.451,877.320,818.227,689.737,776.135,822.624,608.479,479.564,478.794,367.875,408.539,212.529,66.739,43.991,-152.953,-126.547,170.723,369.652,304.593,470.707,170.739,-61.976,-183.458,-528.421,-310.620,-425.134,-378.048,-296.363,-274.944,-25.412,259.652,565.849,586.560,565.829,464.558,593.504,333.251,344.952,526.878,647.714,686.607
177.026,391.508,134.337,121.141,380.687,44.728,316.813,313.268,133.530,36.618,118.085,-212.636,-38.939,-124.103,127.330,443.268,121.688,-12.997,-259.580,-226.892,-475.092,-658.587,-335.781,-509.597,-309.641,105.751,-34.030,55.102,-68.081,-209.126,130.666,333.667,127.257,138.814,102.185,135.608,336.327,671.237,591.228,541.002,668.678,924.855,946.237,854.970,779.955,477.407,376.660,518.437,556.207,739.224,683.444,638.165,673.868,651.755,377.839,290.393,355.983,248.538,328.617,238.101,60.216,38.612,8.961,9.380,336.913,621.518,562.184,657.596,418.597,186.091,10.624,-239.173,-5.772,-162.811,-96.530,-39.544,-34.490,257.329,471.301,846.772,799.269,751.453,642.323,830.837,645.335,716.747,835.918,844.020,968.371
-42.506,83.601,-164.272,-208.207,54.085,-50.248,222.083,252.364,161.742,111.125,129.441,-179.916,-19.090,-5.918,213.185,386.396,175.350,65.829,-218.572,-254.813,-404.581,-486.277,-354.708,-642.117,-476.075,-146.345,-196.403,-235.606,-427.187,-562.618,-204.481,-23.690,-211.160,-179.995,-135.380,-40.847,119.364,276.807,291.627,216.113,239.833,654.101,555.216,417.199,348.439,9.478,-12.242,219.684,273.513,457.709,370.140,391.285,334.785,277.379,54.844,15.996,143.451,44.713,127.102,179.338,83.080,75.898,223.078,233.942,538.056,828.328,764.677,767.443,636.310,463.408,313.286,209.488,438.945,257.798,331.672,304.757,301.663,606.186,762.904,1086.192,923.617,797.291,661.800,835.596,756.408,877.427,958.627,841.668,967.303
-249.399,-208.031,-419.124,-508.857,-299.036,-168.009,9.325,82.000,65.552,75.515,54.098,-145.681,-66.616,-9.497,143.323,184.252,216.195,127.960,-192.155,-290.213,-336.347,-274.481,-345.028,-657.932,-542.696,-325.819,-291.698,-477.449,-698.134,-774.680,-505.160,-391.746,-517.389,-455.832,-402.422,-292.055,-254.069,-241.400,-114.747,-224.458,-319.987,202.229,-12.199,-134.343,-206.402,-516.855,-452.796,-145.394,-88.703,77.045,-61.072,-19.227,-179.697,-242.583,-298.802,-308.777,-141.358,-211.318,-141.301,42.451,101.962,113.959,385.012,427.159,641.740,864.932,795.337,710.774,719.306,628.278,577.542,626.360,852.590,670.544,746.579,598.444,584.139,868.447,991.717,1171.914,881.379,668.998,497.430,596.190,624.971,761.510,833.185,630.748,673.703
-399.345,-403.036,-550.351,-680.630,-561.811,-269.710,-260.150,-128.746,-107.859,-9.361,-33.795,-58.261,-107.391,-76.131,-5.727,-52.004,251.070,170.790,-171.876,-295.550,-243.497,-67.047,-294.443,-540.202,-481.536,-365.694,-278.430,-571.221,-778.645,-785.097,-704.110,-685.354,-717.773,-624.474,-624.149,-545.282,-667.948,-725.379,-534.520,-683.203,-877.260,-328.953,-615.571,-670.960,-747.563,-966.802,-845.941,-506.592,-464.914,-309.593,-483.357,-477.029,-712.718,-766.009,-594.788,-615.122,-441.494,-454.434,-381.701,-118.448,103.561,138.860,440.960,510.211,581.574,696.130,635.631,491.358,634.264,605.817,690.877,853.896,1083.782,927.844,1009.465,749.829,710.909,938.823,1040.190,1055.243,670.016,403.851,206.641,207.983,320.550,423.805,496.452,287.206,203.110
-484.044,-479.724,-551.054,-694.822,-674.349,-341.579,-510.846,-311.347,-289.646,-72.912,-71.652,96.528,-78.020,-122.752,-123.938,-202.863,284.669,198.710,-142.704,-239.809,-101.828,105.606,-204.173,-317.378,-310.072,-261.823,-155.336,-467.570,-638.144,-606.790,-757.543,-834.293,-765.324,-659.076,-728.708,-709.027,-964.980,-1009.622,-840.498,-1022.131,-1269.333,-785.570,-1079.061,-1046.543,-1117.666,-1212.485,-1088.682,-773.143,-761.690,-593.024,-755.941,-829.643,-1075.693,-1119.665,-747.939,-822.029,-677.898,-615.533,-504.840,-233.294,93.387,160.604,402.359,469.548,381.839,387.214,366.489,200.735,428.983,419.724,624.579,835.100,1063.058,958.565,1057.152,747.428,672.276,810.181,880.161,782.140,372.083,101.096,-89.581,-162.975,-3.372,17.848,76.266,-57.663,-253.697
-519.182,-468.276,-477.931,-598.294,-650.478,-394.468,-679.230,-423.265,-418.256,-77.454,-47.278,268.558,22.426,-100.685,-136.316,-205.403,307.796,212.169,-96.924,-121.351,82.251,224.167,-99.645,-62.677,-93.550,-79.436,29.103,-198.984,-336.927,-319.406,-659.784,-803.684,-655.504,-576.788,-678.770,-716.378,-1019.743,-994.167,-927.421,-1122.577,-1371.169,-1024.098,-1259.473,-1152.014,-1197.747,-1180.950,-1110.967,-866.069,-890.629,-694.043,-790.228,-959.907,-1134.087,-1175.259,-710.491,-868.767,-782.054,-656.273,-474.019,-258.339,81.782,191.896,324.192,344.528,133.088,63.038,116.638,-35.165,200.580,171.852,438.150,629.598,826.816,787.951,918.761,652.847,549.188,577.548,593.678,479.014,122.959,-115.221,-255.025,-348.969,-175.803,-269.784,-256.322,-269.725,-511.622
-521.245,-418.418,-407.852,-477.012,-554.722,-445.470,-730.641,-455.908,-460.404,-36.278,-3.400,358.868,120.554,-30.330,-47.460,-85.917,294.945,200.863,-43.472,23.511,260.270,272.643,-29.458,125.273,73.760,73.348,189.566,125.023,-4.328,-36.817,-447.560,-606.264,-428.879,-428.875,-491.504,-560.292,-801.131,-692.490,-763.639,-943.305,-1152.662,-973.852,-1105.571,-961.617,-957.827,-885.643,-905.779,-753.698,-807.502,-599.958,-595.505,-843.527,-872.572,-910.982,-494.421,-742.163,-727.289,-589.205,-326.399,-203.049,69.661,226.916,264.079,193.437,-62.177,-157.912,-9.847,-125.310,42.681,-15.191,241.713,375.829,495.860,516.360,692.421,561.212,468.265,393.240,338.772,298.706,51.902,-144.686,-194.073,-251.606,-84.004,-299.342,-355.381,-263.659,-466.263
-490.217,-363.281,-387.289,-402.091,-456.599,-495.452,-663.410,-426.255,-417.749,0.933,-6.470,272.983,107.370,10.096,63.231,57.180,215.438,147.139,-5.960,133.347,357.357,235.023,-48.225,157.547,104.855,95.541,238.190,362.073,217.234,138.511,-190.018,-301.044,-158.600,-278.637,-235.293,-301.429,-391.815,-229.695,-411.711,-546.302,-697.764,-669.297,-680.889,-548.625,-475.860,-426.630,-538.656,-472.639,-538.230,-372.677,-279.037,-562.339,-406.050,-426.721,-170.180,-484.593,-542.204,-470.883,-155.301,-125.212,44.986,236.033,247.281,60.947,-141.724,-218.044,14.051,-59.919,0.933,-60.063,138.677,220.681,220.545,270.620,496.265,550.856,535.950,393.292,274.806,350.893,223.512,49.787,108.456,116.250,275.172,-36.961,-160.593,-33.500,-131.612
-410.691,-301.832,-404.819,-390.202,-390.521,-519.146,-503.109,-361.508,-320.383,-16.125,-99.778,-16.696,-92.490,-63.777,92.451,110.348,53.773,38.924,-9.395,151.384,310.181,102.426,-188.420,-6.249,-39.930,-55.531,127.151,402.261,237.623,155.673,33.864,23.157,73.532,-176.672,-2.762,-42.868,46.325,209.937,-5.986,-75.467,-174.447,-236.518,-138.983,-60.992,85.596,42.307,-130.642,-121.893,-177.087,-123.071,1.591,-265.643,70.121,96.190,158.605,-178.178,-299.012,-371.099,-61.576,-96.613,-7.616,181.106,256.329,-35.819,-107.064,-137.474,132.753,90.226,58.690,42.177,177.580,250.665,116.898,150.747,416.662,645.801,782.422,628.600,481.915,648.289,605.709,426.042,578.721,634.677,790.210,431.146,274.962,347.452,371.795
-271.058,-209.626,-402.738,-400.593,-344.014,-476.600,-292.654,-287.223,-213.086,-104.614,-270.210,-436.957,-461.403,-280.816,-20.041,10.227,-172.256,-115.563,-62.855,57.514,108.037,-112.108,-434.908,-332.711,-327.955,-337.192,-120.956,223.411,62.471,33.484,162.858,275.313,203.968,-143.774,128.307,116.782,344.787,462.357,303.378,302.865,231.915,159.661,337.824,334.318,537.434,367.499,180.571,170.171,144.787,36.715,111.205,-98.910,366.859,471.990,393.185,87.299,-82.711,-335.472,-99.833,-159.136,-91.388,42.083,248.020,-100.091,-10.467,10.169,248.484,218.459,156.458,226.451,334.209,455.077,219.846,193.132,474.790,806.052,1140.422,1032.497,912.783,1092.853,1077.548,875.086,1078.087,1123.315,1277.007,932.814,800.822,753.936,868.134
-87.182,-69.257,-320.283,-368.761,-278.563,-340.752,-82.628,-223.897,-140.737,-237.526,-449.906,-832.804,-877.105,-580.854,-248.059,-218.866,-407.980,-281.779,-148.840,-115.173,-186.859,-361.950,-717.767,-717.627,-659.354,-634.264,-412.978,-92.815,-207.687,-150.690,175.127,391.933,207.388,-167.959,127.830,128.850,403.854,453.169,413.794,469.313,391.618,382.933,608.577,514.940,733.753,449.134,287.525,293.395,308.242,40.377,-1.152,-135.903,382.950,587.303,473.360,247.241,43.241,-362.752,-249.049,-297.136,-188.073,-162.502,184.663,-138.352,81.446,143.996,281.230,243.642,230.297,397.496,528.354,734.803,471.102,361.857,622.747,947.042,1468.292,1440.671,1401.047,1508.622,1472.532,1255.785,1449.299,1409.188,1549.051,1275.816,1222.532,1050.686,1191.965
88.053,101.135,-141.722,-254.981,-167.201,-124.359,77.343,-189.350,-136.639,-361.359,-553.239,-1035.420,-1161.484,-832.761,-485.897,-476.041,-578.595,-408.157,-227.286,-290.376,-455.317,-570.533,-932.181,-1021.084,-904.548,-809.048,-620.602,-395.342,-424.383,-296.550,94.378,357.875,102.276,-215.600,24.063,15.754,234.272,224.832,311.297,397.738,277.432,376.394,622.136,447.398,624.896,274.176,150.689,198.216,251.492,-108.096,-281.936,-348.004,142.729,441.504,392.564,280.714,58.018,-409.901,-424.356,-442.993,-263.039,-375.824,59.460,-149.050,123.578,215.755,212.620,153.088,245.914,478.962,663.206,949.244,744.742,567.755,767.552,977.385,1607.383,1656.437,1725.168,1707.909,1638.828,1439.143,1567.305,1387.854,1486.641,1318.051,1371.839,1133.950,1241.595
180.835,242.529,81.121,-77.210,-23.071,112.267,147.763,-199.957,-214.579,-430.632,-528.044,-946.495,-1168.287,-898.425,-603.582,-637.612,-620.895,-448.757,-254.365,-382.843,-570.627,-655.359,-980.838,-1123.595,-960.633,-767.071,-638.831,-535.089,-463.381,-325.873,-22.982,209.437,-59.949,-250.615,-113.427,-143.037,-54.432,-90.162,70.662,157.405,-34.383,175.615,424.803,193.611,272.376,-83.338,-186.893,-84.997,-7.400,-342.850,-603.619,-624.727,-226.007,133.559,190.083,207.652,-17.536,-421.982,-524.437,-513.899,-283.875,-526.488,-98.933,-126.247,107.632,222.410,89.523,3.800,210.293,445.793,667.062,978.164,898.958,705.182,811.223,838.169,1449.701,1534.356,1701.353,1564.247,1492.686,1348.136,1378.254,1055.690,1078.974,1016.080,1167.620,960.734,1003.354
133.944,280.244,248.036,92.735,100.757,281.518,109.824,-265.568,-364.301,-436.974,-390.552,-594.131,-863.985,-709.459,-520.444,-624.231,-515.245,-388.523,-207.410,-341.349,-460.062,-565.137,-821.197,-980.122,-801.820,-507.740,-441.281,-440.059,-287.896,-218.056,-114.972,17.416,-217.916,-252.719,-210.400,-253.388,-312.078,-336.054,-184.013,-127.696,-406.209,-118.492,127.815,-121.575,-179.411,-492.979,-613.286,-457.433,-379.751,-571.092,-829.285,-832.833,-559.598,-194.535,-72.509,69.312,-140.539,-369.309,-489.107,-459.885,-241.994,-564.114,-244.159,-74.764,51.798,189.044,-12.188,-116.634,157.454,325.991,519.415,771.271,833.215,692.133,690.702,528.496,987.581,1046.712,1265.550,1063.462,1046.194,982.037,916.070,505.129,426.010,437.261,645.900,559.759,544.648
-53.849,167.632,263.087,168.761,141.651,309.415,-25.024,-379.329,-551.040,-413.898,-221.748,-127.646,-356.269,-313.611,-255.453,-444.690,-300.726,-256.916,-102.524,-178.790,-147.981,-312.461,-494.430,-646.603,-498.995,-134.230,-104.117,-156.912,28.114,-21.413,-143.935,-143.894,-326.214,-226.936,-226.229,-255.879,-422.721,-407.713,-338.126,-340.153,-701.899,-390.499,-146.627,-365.753,-561.623,-816.024,-984.585,-788.700,-741.736,-715.446,-877.696,-882.191,-735.673,-426.694,-336.971,-95.207,-271.450,-269.735,-335.428,-296.055,-163.410,-487.199,-340.236,-23.463,-23.797,137.884,-39.911,-145.260,120.220,175.811,253.581,366.396,528.896,500.241,403.322,108.801,324.716,304.079,508.560,313.760,401.915,419.099,293.497,-110.648,-296.852,-264.717,-50.960,23.428,-14.716
-311.016,-77.114,92.098,103.163,69.934,176.607,-211.859,-509.766,-721.006,-413.304,-124.612,250.413,149.526,137.844,75.515,-192.482,-63.432,-120.197,6.150,27.233,243.512,17.237,-118.899,-263.629,-195.893,184.936,217.065,163.498,329.057,164.550,-115.700,-229.105,-373.699,-200.893,-174.742,-157.031,-359.054,-296.446,-336.330,-419.934,-839.934,-559.032,-314.327,-451.788,-744.534,-951.833,-1171.925,-963.275,-979.656,-742.473,-756.041,-764.634,-721.590,-519.101,-563.632,-263.006,-390.513,-182.105,-151.794,-100.063,-100.042,-346.756,-382.208,-22.809,-116.743,66.319,-0.098,-82.412,106.909,45.985,-60.584,-127.884,58.375,165.763,9.821,-317.897,-356.641,-479.934,-351.826,-488.155,-280.875,-203.124,-328.873,-627.654,-895.760,-899.338,-721.359,-516.312,-539.170
-514.178,-365.181,-208.260,-79.041,-83.353,-63.572,-380.628,-603.755,-814.193,-467.444,-164.637,383.009,447.548,459.222,316.322,3.011,98.938,-53.356,47.720,165.916,540.844,290.395,153.192,-0.676,-49.318,287.304,351.229,332.446,446.712,228.863,-78.502,-241.185,-386.371,-211.703,-116.809,-26.159,-190.160,-87.065,-200.545,-380.765,-813.901,-601.075,-352.150,-365.561,-680.467,-865.907,-1102.265,-918.020,-1025.965,-665.176,-545.562,-547.842,-573.222,-503.414,-731.701,-425.528,-497.235,-173.345,-51.967,25.318,-103.937,-222.023,-396.701,-122.557,-242.833,-50.804,44.394,8.461,97.255,-41.309,-343.151,-574.713,-440.523,-221.179,-385.135,-639.440,-860.051,-1066.470,-1051.002,-1121.804,-835.069,-725.383,-787.365,-918.275,-1216.785,-1296.618,-1171.080,-922.878,-910.847
-541.719,-570.505,-508.710,-285.828,-232.996,-302.409,-456.787,-603.671,-782.878,-559.943,-327.094,237.939,433.556,522.086,351.869,44.238,120.334,-104.161,-32.334,143.296,593.347,377.137,199.070,16.613,-158.820,89.154,189.679,211.652,277.466,95.132,-100.813,-228.284,-413.099,-288.224,-127.676,41.141,-40.241,90.288,-9.997,-287.191,-675.249,-544.435,-289.213,-159.167,-410.724,-591.866,-779.507,-657.584,-873.381,-522.206,-350.405,-330.908,-390.226,-450.426,-829.521,-574.760,-595.736,-277.084,-112.962,5.504,-197.352,-179.902,-422.179,-339.300,-417.085,-236.263,13.986,39.269,59.021,-94.126,-528.548,-857.721,-814.885,-545.667,-667.878,-771.353,-1046.207,-1280.863,-1377.356,-1415.088,-1133.775,-1012.938,-962.401,-922.975,-1188.121,-1355.547,-1276.588,-1093.039,-1054.111
-335.452,-588.292,-666.119,-402.951,-280.305,-422.569,-388.341,-473.081,-610.097,-625.386,-516.809,-74.326,158.569,321.496,170.241,-84.362,-3.462,-267.453,-243.051,-72.786,341.776,208.461,-19.626,-236.230,-518.099,-374.065,-258.500,-217.910,-167.951,-244.195,-236.770,-258.016,-499.573,-435.838,-254.696,-25.136,-20.433,128.393,144.314,-207.995,-492.398,-437.614,-176.522,83.241,-37.427,-210.447,-279.859,-245.001,-565.788,-348.990,-239.014,-188.117,-255.910,-418.516,-845.150,-688.994,-677.433,-467.375,-329.924,-164.779,-355.400,-239.266,-481.119,-632.967,-628.846,-480.223,-134.641,-48.627,-26.288,-134.484,-581.147,-917.696,-952.989,-706.661,-754.541,-685.301,-883.744,-1077.959,-1251.149,-1299.124,-1123.911,-997.335,-815.126,-660.829,-835.840,-1071.170,-1023.592,-988.043,-949.460
62.123,-388.856,-593.196,-354.022,-167.068,-352.236,-168.232,-218.295,-319.996,-580.932,-603.618,-355.530,-195.703,-19.290,-128.585,-310.245,-213.115,-484.004,-538.023,-434.732,-151.799,-188.293,-436.478,-667.770,-1011.888,-958.775,-861.149,-839.885,-764.927,-718.740,-494.243,-379.936,-661.407,-629.624,-486.422,-228.376,-168.682,-2.726,206.664,-173.041,-310.644,-316.769,-54.610,287.741,323.987,183.094,275.430,224.950,-174.976,-159.181,-210.198,-132.287,-195.495,-417.499,-765.957,-730.027,-713.920,-663.566,-612.718,-414.639,-512.342,-359.330,-561.322,-909.632,-829.683,-726.627,-374.436,-246.221,-145.690,-177.722,-500.716,-766.057,-825.395,-653.173,-621.071,-420.162,-459.994,-557.445,-751.134,-828.059,-837.181,-699.783,-401.532,-219.281,-271.379,-533.944,-508.060,-647.437,-636.107
517.786,-37.106,-302.471,-142.469,87.624,-99.535,158.919,107.091,26.322,-374.411,-491.195,-420.657,-408.899,-309.919,-383.214,-512.975,-413.873,-666.283,-830.938,-833.456,-727.890,-694.525,-905.712,-1107.303,-1461.652,-1471.334,-1413.197,-1447.595,-1324.841,-1200.150,-820.602,-593.709,-868.710,-818.691,-749.280,-496.602,-427.954,-241.496,181.809,-157.305,-134.393,-188.671,63.113,419.915,589.228,509.233,759.213,656.584,223.619,52.736,-201.490,-116.562,-173.683,-407.561,-588.634,-656.576,-666.386,-765.729,-827.146,-628.672,-590.304,-458.947,-618.488,-1055.049,-945.705,-888.886,-614.414,-476.963,-256.934,-221.884,-319.820,-474.024,-495.355,-405.448,-314.221,-71.726,52.416,76.334,-79.629,-158.518,-376.728,-226.039,143.011,272.649,343.872,98.310,100.237,-178.473,-202.020
864.287,335.177,99.179,148.756,390.347,250.547,510.693,419.881,350.054,-22.353,-172.907,-193.812,-334.976,-389.085,-454.131,-587.996,-519.928,-739.346,-1030.480,-1144.494,-1196.953,-1146.215,-1263.137,-1377.863,-1700.524,-1747.037,-1721.330,-1830.004,-1671.074,-1544.254,-1114.589,-839.424,-1050.705,-940.799,-935.317,-711.937,-673.415,-466.423,127.007,-100.082,60.823,-37.697,184.496,488.542,727.987,721.510,1075.353,976.414,566.198,290.672,-133.701,-71.339,-129.059,-331.732,-332.722,-448.234,-507.472,-703.301,-860.277,-701.427,-536.933,-457.493,-599.746,-986.039,-911.010,-889.717,-745.014,-635.751,-310.324,-253.211,-95.529,-144.704,-94.555,-52.241,61.078,236.671,460.136,593.246,518.038,503.243,116.029,268.405,646.889,681.016,846.348,648.608,618.364,278.348,238.910
978.309,592.189,463.159,400.579,617.399,575.613,796.888,640.689,582.261,384.958,256.300,250.603,22.232,-205.801,-295.534,-499.139,-493.010,-676.522,-1078.522,-1280.062,-1419.077,-1400.964,-1395.175,-1373.123,-1643.812,-1714.677,-1685.283,-1859.372,-1707.122,-1640.580,-1261.891,-1017.445,-1121.055,-943.052,-949.702,-765.421,-774.746,-557.196,116.541,52.202,296.258,149.660,317.198,525.329,758.542,807.634,1181.234,1142.863,804.799,532.955,34.425,46.604,-22.194,-160.861,-46.800,-126.557,-243.133,-471.952,-676.643,-587.402,-352.995,-316.653,-475.524,-694.849,-704.931,-704.243,-697.939,-645.448,-277.653,-262.285,103.460,120.613,226.588,277.262,375.065,393.938,619.790,822.988,846.087,968.240,504.701,632.405,960.377,904.795,1117.066,975.549,912.906,597.210,579.095
841.179,660.546,671.582,520.898,678.110,772.019,953.099,727.369,688.086,717.471,640.467,723.131,510.239,156.638,22.411,-292.281,-356.318,-511.420,-973.549,-1222.675,-1359.271,-1395.770,-1284.261,-1103.124,-1323.086,-1418.811,-1338.743,-1541.381,-1448.239,-1451.813,-1181.430,-1031.507,-1015.244,-802.253,-756.725,-611.398,-662.541,-455.036,197.861,304.136,558.622,359.494,447.348,554.749,721.514,778.554,1090.150,1144.367,905.696,723.197,273.104,221.984,132.303,76.821,200.345,240.375,79.058,-139.323,-336.801,-322.057,-95.446,-61.901,-261.697,-262.426,-371.472,-381.409,-486.824,-499.634,-171.129,-258.015,213.560,251.228,355.024,458.887,516.934,338.633,487.603,713.707,825.939,1123.376,698.465,772.730,1007.985,904.734,1113.770,1017.253,941.586,710.606,749.936
550.556,564.702,691.773,492.548,563.608,799.784,963.066,691.620,676.631,863.399,836.378,1013.190,905.372,526.165,352.138,-64.823,-177.873,-319.777,-768.413,-1025.570,-1093.885,-1169.057,-1010.125,-687.845,-868.851,-992.210,-831.611,-1006.991,-1006.166,-1029.215,-863.604,-836.674,-724.716,-537.812,-402.667,-295.022,-366.016,-193.215,362.046,594.637,789.724,541.634,533.503,572.384,649.409,654.176,855.945,992.365,849.701,786.125,489.728,384.846,269.012,300.237,342.650,555.863,381.964,183.788,30.779,-4.452,146.262,227.017,-18.780,169.381,-7.636,-29.191,-204.923,-267.926,-40.538,-268.023,194.564,223.738,255.975,420.389,434.191,80.771,129.398,341.884,514.040,962.646,676.934,685.291,813.816,713.589,878.311,808.588,758.593,630.463,742.737
275.114,412.193,585.030,379.331,353.740,694.582,860.057,590.029,591.889,782.462,783.143,993.532,1026.043,732.188,546.380,89.891,-33.342,-180.478,-544.181,-781.944,-767.618,-837.569,-707.564,-301.843,-450.850,-593.985,-362.773,-452.729,-537.896,-498.193,-383.513,-469.408,-311.739,-211.536,-3.593,61.552,-3.453,116.500,543.581,816.463,905.469,625.139,521.773,544.628,548.901,454.142,548.757,715.658,638.573,663.669,575.456,448.555,308.290,413.002,343.817,729.142,587.124,392.563,289.763,248.556,289.340,451.558,172.809,456.162,275.973,231.431,20.459,-60.790,50.674,-323.110,44.350,64.143,-16.877,171.446,153.043,-300.611,-311.541,-127.766,66.387,581.195,490.629,449.996,487.787,422.399,516.275,463.752,482.684,436.876,607.813
173.233,335.667,466.452,286.537,176.700,542.548,707.509,494.012,489.338,526.757,531.631,681.703,822.910,692.299,532.586,130.977,31.188,-136.334,-373.577,-580.037,-523.898,-540.316,-502.049,-95.957,-204.452,-343.409,-95.277,-58.959,-183.713,-18.312,118.687,-43.184,104.529,87.791,298.437,309.604,270.276,334.600,649.777,863.816,836.077,552.087,375.292,430.158,404.473,197.671,232.802,358.497,304.638,353.190,465.790,360.568,204.655,353.749,214.422,711.267,645.904,433.267,357.508,353.333,293.297,538.019,249.362,513.066,403.271,321.156,92.979,27.120,57.719,-434.485,-196.506,-163.229,-345.198,-196.710,-228.855,-684.383,-674.339,-513.442,-332.155,135.324,236.370,190.542,176.731,145.538,155.469,129.191,242.323,238.598,430.133
315.546,421.468,438.640,297.918,141.503,432.700,568.942,454.210,409.838,217.597,218.253,227.588,399.628,449.752,344.355,84.526,16.850,-175.530,-292.100,-466.864,-442.759,-377.143,-454.427,-132.379,-177.042,-278.964,-92.763,76.742,-21.127,269.135,485.042,292.010,388.562,271.830,392.884,338.858,334.381,357.740,605.621,684.864,566.970,312.461,101.995,211.061,199.591,-89.697,-45.793,-20.229,-84.825,-74.477,182.221,136.967,-21.629,131.303,8.890,515.152,558.182,322.559,238.085,291.541,175.168,468.237,193.634,350.830,364.898,237.447,-3.307,-35.274,-22.403,-578.383,-454.678,-375.916,-593.588,-544.092,-576.133,-949.594,-843.031,-687.924,-542.777,-216.624,16.418,16.552,0.502,-23.568,-101.544,-75.345,121.611,122.811,290.829
649.887,661.842,535.264,424.561,278.765,412.406,481.674,477.719,363.667,-10.912,-3.651,-165.313,-45.075,143.239,94.652,17.989,-38.018,-243.497,-290.093,-437.167,-514.379,-370.745,-540.335,-362.373,-317.475,-357.695,-304.217,-35.779,-50.467,288.281,597.592,410.877,441.060,283.642,247.335,127.786,157.984,166.296,392.465,312.712,158.001,-39.227,-235.889,-84.564,-58.459,-369.313,-259.494,-351.998,-436.990,-491.289,-168.942,-139.595,-289.010,-175.317,-197.897,209.589,369.339,132.865,12.300,110.216,-2.002,283.655,42.360,67.921,217.727,51.487,-196.994,-201.691,-149.506,-699.574,-647.585,-497.173,-661.565,-735.747,-764.494,-1017.534,-786.562,-622.012,-521.737,-370.815,-102.717,-25.535,1.280,-48.516,-212.315,-103.230,130.147,117.337,231.691
1025.993,955.679,704.250,594.963,521.710,468.302,446.086,529.388,332.022,-73.736,-39.623,-343.010,-321.742,-72.574,-91.920,-8.146,-87.764,-278.186,-327.514,-449.779,-657.137,-468.093,-671.910,-655.163,-510.324,-489.665,-599.956,-301.658,-211.778,54.047,424.080,268.116,241.859,120.632,-77.379,-243.953,-184.531,-165.699,61.988,-141.580,-271.319,-396.817,-538.656,-382.917,-326.256,-590.101,-392.868,-571.458,-658.877,-759.688,-442.404,-358.879,-494.028,-453.110,-343.728,-110.444,147.355,-47.156,-207.492,-106.632,-160.460,62.744,-132.361,-197.643,52.085,-131.410,-368.809,-375.004,-261.099,-734.732,-712.701,-477.642,-519.598,-695.470,-726.652,-877.649,-561.683,-384.520,-326.312,-311.402,-114.863,30.113,129.292,38.057,-202.637,5.402,208.852,182.877,239.449
1267.363,1157.531,838.358,692.965,738.510,540.442,433.652,555.326,283.996,28.341,101.622,-274.737,-344.880,-110.930,-148.256,19.061,-110.251,-248.501,-361.180,-459.106,-766.760,-577.019,-748.332,-862.346,-635.515,-586.492,-837.653,-593.702,-419.394,-333.750,32.522,-78.091,-136.624,-160.756,-450.894,-627.153,-545.237,-501.863,-281.534,-531.969,-586.178,-641.653,-706.937,-590.385,-534.040,-700.374,-436.769,-635.444,-691.267,-791.651,-522.724,-438.818,-564.619,-608.850,-405.615,-363.319,-48.130,-156.109,-333.008,-278.245,-242.716,-115.487,-258.210,-333.395,-55.670,-226.854,-416.215,-458.783,-304.053,-644.622,-630.961,-309.506,-216.181,-437.234,-477.782,-587.690,-280.479,-102.874,-79.618,-109.314,-71.682,91.070,271.564,152.717,-145.130,149.041,267.073,238.275,257.483
1254.357,1149.880,835.493,623.608,799.989,559.655,407.536,514.864,198.986,214.699,317.508,-59.827,-168.287,4.994,-96.021,57.542,-119.483,-173.480,-368.375,-442.528,-769.299,-616.839,-708.284,-886.336,-623.474,-599.115,-924.924,-807.306,-596.176,-726.246,-432.665,-487.189,-553.908,-462.718,-726.345,-865.150,-766.426,-701.198,-522.920,-736.972,-690.919,-691.166,-683.783,-633.906,-614.864,-667.761,-388.883,-540.989,-536.209,-590.853,-381.773,-368.243,-498.088,-612.277,-406.351,-511.601,-189.262,-185.719,-337.846,-359.046,-233.572,-203.795,-296.413,-302.915,-79.939,-212.629,-308.203,-405.899,-260.048,-437.854,-433.787,-29.299,144.807,-60.636,-110.212,-248.849,-59.035,95.571,87.129,111.751,-54.262,57.391,309.697,202.150,-118.875,217.329,231.777,205.450,218.896
977.982,902.115,655.939,371.061,647.835,486.679,344.026,403.265,81.949,369.382,468.681,133.892,55.787,164.074,-22.314,41.069,-152.008,-110.287,-353.887,-408.646,-651.708,-556.683,-558.136,-721.056,-480.389,-528.802,-849.933,-893.037,-694.193,-979.038,-804.784,-794.547,-855.971,-681.197,-800.273,-859.034,-747.405,-676.326,-583.121,-708.402,-568.335,-534.344,-480.951,-496.145,-538.917,-498.169,-260.611,-332.590,-262.955,-255.681,-95.239,-213.187,-362.397,-506.307,-397.786,-570.250,-284.896,-177.602,-260.494,-349.101,-160.290,-200.650,-257.242,-157.779,-52.828,-134.565,-100.775,-238.985,-151.785,-172.326,-189.968,291.873,445.461,288.487,241.107,33.307,29.473,135.046,89.015,227.581,-131.792,-124.706,178.442,127.920,-169.681,145.634,84.437,50.998,83.891
539.759,487.170,346.416,16.328,327.854,332.333,244.067,253.293,-36.767,400.714,453.506,165.828,169.114,239.213,-16.911,-70.096,-235.153,-116.848,-337.896,-383.598,-457.976,-423.695,-363.440,-447.888,-274.766,-411.220,-669.894,-857.167,-698.348,-1003.884,-958.110,-881.721,-937.592,-745.132,-653.628,-607.335,-484.902,-427.265,-450.833,-487.198,-285.114,-236.823,-175.861,-227.169,-334.360,-242.800,-84.339,-91.875,14.654,61.369,191.314,-82.614,-259.301,-379.600,-429.695,-589.705,-366.057,-194.827,-174.577,-282.411,-73.459,-142.107,-190.142,-6.364,-38.562,-74.805,94.886,-33.646,-27.856,68.100,22.336,568.607,596.610,476.364,449.384,186.154,-22.060,15.007,-83.240,162.695,-326.415,-433.112,-103.522,-66.208,-290.116,-54.672,-131.934,-196.327,-137.761
100.658,48.705,19.288,-296.350,-29.218,149.636,130.453,115.943,-116.688,285.744,261.257,0.766,99.570,167.197,-108.360,-250.434,-357.002,-210.135,-333.692,-385.851,-257.686,-280.154,-210.598,-191.854,-95.885,-287.204,-469.003,-737.658,-618.111,-799.008,-854.645,-726.745,-785.184,-643.348,-356.177,-203.207,-70.560,-37.597,-185.112,-180.045,39.409,87.698,120.665,74.778,-81.557,13.797,87.111,89.655,182.864,221.013,331.130,-71.068,-268.696,-316.831,-520.678,-623.786,-461.187,-284.414,-144.954,-203.206,-20.153,-78.803,-154.430,43.841,-90.572,-100.769,173.850,124.426,64.304,210.832,146.241,726.572,565.946,434.503,443.536,191.444,-162.247,-200.565,-367.834,-82.576,-600.606,-778.564,-444.964,-317.502,-428.264,-304.550,-337.515,-460.028,-390.278
-193.257,-263.693,-201.138,-428.207,-269.870,4.376,34.107,32.106,-129.073,77.963,-22.940,-272.052,-98.111,-10.008,-238.257,-408.600,-458.494,-345.078,-330.292,-406.449,-107.141,-184.612,-160.185,-61.138,-7.373,-178.577,-311.009,-573.687,-475.882,-445.982,-554.919,-410.840,-480.202,-426.726,-32.661,208.606,351.338,363.163,111.398,91.043,286.618,326.975,311.671,305.445,119.330,183.023,193.692,145.343,176.266,160.277,246.433,-208.241,-404.021,-353.545,-646.537,-699.345,-575.357,-450.304,-193.792,-144.260,-23.219,-51.208,-186.250,-58.692,-215.835,-223.545,94.850,184.065,102.088,227.081,166.042,725.415,382.990,185.937,234.263,84.397,-312.195,-418.957,-664.042,-436.407,-872.671,-1046.655,-728.496,-535.888,-519.220,-499.035,-457.852,-653.229,-598.563
-271.652,-359.266,-237.180,-314.921,-291.672,-58.602,-22.185,11.288,-73.561,-123.964,-262.966,-488.418,-275.124,-167.139,-291.139,-429.955,-456.230,-428.991,-292.183,-407.986,-24.424,-159.036,-216.198,-98.984,-19.062,-81.587,-211.079,-386.210,-298.197,-74.149,-188.329,-77.981,-160.464,-183.817,193.919,494.754,645.396,652.951,335.949,241.723,388.951,417.703,354.480,399.822,193.159,207.818,191.185,60.723,7.203,-78.933,-34.244,-442.145,-602.964,-459.471,-752.247,-802.891,-684.781,-649.694,-293.336,-117.150,-75.597,-74.841,-278.860,-283.979,-366.919,-389.126,-97.519,151.123,95.516,143.146,108.182,571.639,122.128,-165.910,-91.258,-66.462,-402.924,-560.540,-875.077,-787.190,-1052.634,-1151.070,-867.172,-647.525,-521.505,-560.174,-460.548,-718.613,-703.082
-160.396,-240.994,-92.460,-0.764,-92.193,-35.531,-34.282,28.558,19.019,-229.024,-342.363,-500.246,-276.510,-169.392,-164.861,-241.491,-286.828,-367.152,-178.159,-343.978,10.643,-178.772,-325.762,-268.821,-88.777,21.573,-138.459,-177.369,-111.043,193.097,104.118,133.806,43.613,-0.470,256.121,587.432,738.046,762.656,426.204,256.136,353.626,368.670,275.138,358.245,124.986,88.281,73.610,-119.951,-239.088,-370.456,-389.868,-665.067,-758.995,-558.483,-781.175,-889.992,-749.253,-813.191,-386.447,-115.844,-149.785,-140.148,-386.073,-536.013,-466.732,-507.770,-297.668,78.319,76.164,24.755,24.071,316.476,-127.263,-480.495,-403.759,-188.500,-401.707,-587.585,-942.876,-1027.920,-1081.258,-1071.066,-842.154,-627.987,-438.399,-473.589,-367.440,-650.525,-684.417
42.721,2.604,152.154,379.039,230.314,38.460,-17.529,39.949,98.738,-200.797,-224.294,-259.501,-35.480,43.219,158.485,136.669,50.266,-117.109,30.673,-187.702,35.781,-188.658,-407.434,-476.234,-149.534,143.420,-43.902,55.789,62.991,287.775,229.533,156.567,68.367,77.769,168.483,505.693,639.567,695.176,380.091,182.308,249.138,248.829,149.922,240.135,-33.155,-116.512,-118.172,-313.059,-443.552,-564.856,-665.110,-769.108,-777.454,-573.600,-705.931,-911.306,-735.239,-877.507,-421.133,-127.456,-214.973,-223.623,-446.628,-700.455,-452.724,-505.647,-397.191,30.207,74.737,-57.320,-36.206,38.505,-291.657,-637.250,-581.999,-231.194,-317.637,-509.954,-862.485,-1094.763,-954.183,-855.488,-703.435,-508.801,-313.101,-290.478,-237.234,-489.866,-565.909
219.184,240.662,376.191,658.395,523.150,109.769,0.452,6.164,116.986,-75.259,29.188,149.568,378.330,409.354,583.591,584.415,476.349,277.558,310.144,46.719,79.957,-134.631,-392.067,-614.268,-145.537,277.786,106.504,305.379,208.060,221.402,178.926,20.948,-56.527,62.323,14.545,335.748,427.990,512.317,247.295,96.448,162.078,146.516,62.835,128.225,-189.169,-314.213,-309.951,-433.952,-509.763,-562.125,-744.537,-702.539,-626.750,-472.183,-544.358,-840.744,-636.658,-814.225,-379.019,-141.573,-251.730,-301.851,-416.737,-700.308,-316.146,-370.339,-344.589,44.117,100.718,-62.734,-46.723,-183.764,-335.130,-583.152,-559.401,-180.703,-188.190,-369.930,-674.466,-985.702,-721.161,-593.968,-536.127,-355.805,-201.749,-95.836,-130.135,-297.945,-395.834
279.730,355.152,470.390,712.835,648.278,131.859,-9.994,-89.320,45.044,58.172,287.074,547.007,784.387,766.248,935.672,927.980,856.117,694.459,593.229,304.313,147.703,6.856,-255.323,-609.558,-58.060,400.832,310.374,546.003,318.457,73.253,23.380,-164.725,-227.452,8.970,-99.130,181.380,205.272,298.331,97.986,55.540,146.422,120.276,60.009,81.412,-259.482,-422.713,-427.023,-437.528,-411.344,-361.124,-606.795,-497.683,-357.593,-286.641,-351.948,-690.709,-481.704,-641.286,-282.619,-152.719,-257.152,-360.555,-294.126,-532.450,-113.999,-164.424,-174.035,109.016,135.639,-0.187,-15.071,-299.818,-266.766,-352.042,-349.542,-60.181,-57.472,-217.890,-443.185,-754.807,-462.865,-373.035,-413.227,-233.009,-141.118,37.948,-75.773,-126.481,-221.891
190.644,283.184,377.081,509.886,540.656,82.209,-71.951,-236.959,-117.246,101.417,412.166,743.711,978.606,928.309,1043.124,1019.228,1051.982,980.604,793.978,511.904,221.735,216.365,-27.062,-449.352,90.052,484.891,530.620,741.334,399.058,-51.680,-126.803,-274.227,-323.127,-17.681,-99.733,109.489,47.987,118.680,-15.146,62.933,191.252,166.257,124.016,100.885,-215.011,-411.450,-432.115,-341.773,-206.823,-61.481,-332.868,-255.696,-79.826,-99.325,-194.388,-506.603,-321.547,-413.032,-178.965,-156.445,-239.670,-395.242,-121.352,-268.061,54.538,1.949,12.668,173.464,143.551,79.802,24.816,-304.850,-133.544,-48.910,-40.912,81.469,41.325,-92.452,-232.802,-487.869,-258.007,-241.353,-361.927,-172.886,-130.753,85.657,-63.124,-1.235,-73.829
-29.518,31.751,105.244,115.818,229.911,-35.770,-196.773,-412.046,-344.781,-4.556,324.802,633.621,837.228,783.880,827.001,808.459,985.132,1020.012,844.731,611.944,279.268,440.373,224.286,-180.745,250.123,515.149,715.534,859.077,460.137,-75.437,-179.964,-231.759,-269.952,15.971,12.109,117.568,-24.141,-6.583,-82.704,64.814,223.966,219.274,181.889,128.229,-99.934,-319.331,-348.631,-221.692,-13.193,183.603,-65.061,-95.894,91.474,0.529,-114.417,-343.899,-206.351,-194.905,-110.256,-144.098,-208.454,-405.549,33.465,-17.875,96.681,26.819,101.688,177.505,92.711,113.765,31.831,-239.427,-2.178,193.642,237.170,187.039,91.988,-13.191,-90.328,-271.175,-156.493,-200.966,-361.141,-169.118,-140.355,73.210,-57.551,73.557,36.966
-331.931,-334.623,-280.365,-340.044,-180.816,-202.468,-381.291,-590.485,-598.294,-252.038,36.950,245.063,382.900,358.419,349.133,372.653,673.297,787.939,728.076,589.380,309.218,614.646,421.991,113.087,372.405,497.675,823.609,884.582,507.514,14.585,-109.646,-53.720,-83.109,90.151,160.045,138.888,-48.282,-103.378,-139.576,-20.146,148.474,188.110,144.207,78.129,-11.306,-237.748,-254.339,-174.561,50.632,241.301,62.727,-95.474,93.044,-34.927,-110.255,-240.140,-160.755,-35.362,-88.623,-101.793,-164.548,-388.643,109.292,120.271,-24.543,-127.628,30.998,90.529,-23.326,60.912,-20.505,-169.905,64.627,269.098,364.837,209.469,91.078,15.007,-38.953,-165.252,-169.012,-224.934,-368.632,-193.681,-137.434,50.679,-33.310,97.017,104.298
-660.136,-721.596,-685.400,-722.342,-564.148,-393.912,-605.787,-758.047,-836.290,-570.664,-357.619,-273.525,-221.678,-190.846,-209.128,-117.074,225.555,364.402,486.659,476.932,318.051,689.135,510.179,346.061,425.991,453.389,838.826,825.143,533.485,160.523,33.239,158.263,138.661,140.231,229.717,82.445,-89.215,-219.620,-240.796,-252.505,-99.852,8.159,-43.232,-109.933,-47.566,-263.996,-244.571,-271.511,-76.089,64.287,-10.672,-250.337,-55.514,-184.248,-136.969,-196.725,-171.408,52.260,-88.994,-15.646,-98.949,-336.687,82.505,106.498,-265.401,-408.093,-171.456,-65.612,-176.418,-72.315,-129.139,-156.481,31.069,139.962,279.320,127.390,40.956,-6.271,-78.928,-190.706,-273.606,-286.115,-358.243,-225.151,-116.948,52.538,0.240,56.079,113.464
-960.578,-1033.862,-1013.859,-939.742,-819.977,-587.267,-833.138,-907.369,-1022.613,-859.208,-729.092,-724.624,-749.418,-647.798,-629.468,-473.946,-204.397,-100.544,204.902,336.007,320.662,643.075,469.462,457.199,405.233,402.169,769.929,703.571,515.713,265.302,148.981,270.586,263.669,93.489,129.290,-112.611,-196.930,-389.991,-424.582,-629.545,-509.952,-315.153,-361.149,-427.748,-251.084,-446.362,-380.564,-518.194,-361.794,-284.596,-245.648,-476.825,-262.358,-364.208,-130.378,-180.023,-193.248,90.563,-63.656,119.369,1.565,-240.229,-19.856,-24.162,-514.915,-687.483,-396.026,-220.807,-311.325,-230.824,-259.373,-222.193,-96.516,-146.363,1.699,-45.335,-52.233,-72.538,-191.102,-327.152,-431.173,-376.301,-341.970,-268.250,-112.178,70.956,-2.516,-72.920,40.636
-1181.142,-1196.431,-1189.193,-967.528,-906.204,-758.423,-1012.134,-1026.559,-1128.999,-1028.635,-968.867,-952.636,-1015.105,-841.066,-759.708,-581.155,-484.386,-453.341,-28.855,223.915,323.400,486.308,315.663,424.689,323.057,348.202,637.936,546.384,427.973,245.403,144.372,190.649,198.721,-84.393,-156.656,-435.952,-373.308,-608.032,-681.774,-1071.023,-985.055,-695.539,-712.816,-786.857,-575.126,-748.744,-648.802,-844.366,-692.365,-660.263,-522.833,-653.290,-410.046,-469.586,-41.596,-141.216,-172.034,122.265,29.563,292.308,144.204,-95.651,-130.785,-179.952,-641.902,-820.037,-503.088,-286.607,-366.759,-333.426,-356.090,-337.542,-268.194,-474.727,-368.287,-259.163,-173.493,-172.214,-340.195,-522.059,-599.420,-502.791,-361.464,-350.346,-176.668,60.079,-95.645,-303.052,-130.358
-1268.692,-1167.457,-1167.546,-839.153,-839.633,-877.618,-1088.410,-1090.304,-1136.035,-1036.535,-1030.807,-909.921,-958.659,-725.262,-585.067,-442.052,-557.572,-603.057,-161.038,165.528,312.303,250.643,87.077,265.218,198.793,277.281,462.730,374.535,259.379,78.878,-13.335,-78.135,-55.257,-358.577,-547.701,-800.275,-565.237,-820.431,-948.452,-1442.752,-1374.611,-995.913,-959.555,-1048.951,-895.104,-1055.480,-954.655,-1129.386,-921.737,-902.628,-701.995,-680.323,-414.373,-425.555,135.152,-44.549,-72.694,185.417,200.445,475.389,320.813,87.416,-173.841,-256.604,-554.538,-709.118,-393.123,-197.624,-300.811,-309.213,-364.197,-430.195,-405.975,-706.225,-688.773,-440.136,-292.070,-279.166,-478.822,-705.325,-739.087,-665.700,-453.386,-495.700,-345.226,-29.949,-299.607,-608.611,-383.024
-1177.719,-945.966,-946.303,-618.848,-673.980,-911.610,-1023.105,-1063.878,-1036.511,-899.357,-939.780,-667.699,-664.999,-398.517,-231.221,-170.619,-458.846,-555.482,-193.161,144.643,256.659,-21.272,-170.405,23.535,49.471,169.098,258.373,201.706,31.728,-176.467,-272.227,-429.093,-393.767,-629.267,-895.044,-1075.562,-688.238,-947.502,-1127.637,-1609.508,-1535.777,-1087.621,-981.584,-1086.697,-1062.314,-1218.338,-1158.141,-1253.591,-940.131,-910.778,-689.620,-529.373,-265.813,-226.633,355.465,110.690,99.889,290.700,414.669,630.238,503.875,282.661,-100.199,-187.105,-245.268,-356.048,-60.804,54.878,-110.254,-131.774,-251.453,-418.583,-433.942,-733.010,-830.944,-512.930,-361.732,-350.968,-555.696,-806.625,-813.885,-833.732,-610.917,-693.853,-596.932,-209.806,-570.786,-910.775,-653.013
-892.675,-576.148,-569.377,-373.583,-471.391,-836.411,-813.648,-922.058,-841.996,-680.392,-768.465,-370.737,-313.554,-48.482,101.967,71.233,-288.001,-400.164,-174.265,118.935,127.968,-284.029,-413.443,-241.544,-110.983,17.334,39.039,39.105,-197.301,-405.901,-515.574,-699.022,-653.501,-772.783,-1045.789,-1148.333,-669.352,-920.870,-1131.625,-1494.189,-1397.106,-911.910,-736.580,-846.950,-976.024,-1126.089,-1138.230,-1152.464,-727.257,-688.430,-482.423,-255.819,-33.238,57.208,542.227,285.970,297.665,410.801,603.178,718.260,649.954,449.767,84.499,25.295,199.518,132.999,393.540,412.220,163.550,163.371,-26.156,-256.348,-313.518,-523.515,-732.025,-430.606,-334.264,-339.699,-529.916,-773.613,-790.999,-939.284,-768.535,-884.667,-845.460,-426.873,-804.853,-1093.219,-838.473
-452.822,-144.832,-125.557,-157.390,-282.588,-655.728,-506.392,-673.700,-588.784,-462.117,-598.344,-162.407,-86.188,143.827,241.382,156.009,-155.657,-259.206,-170.530,48.912,-76.544,-494.111,-605.639,-470.815,-267.016,-155.965,-171.276,-99.171,-351.586,-492.406,-617.931,-747.482,-691.678,-701.775,-915.204,-977.747,-488.020,-720.386,-925.600,-1116.018,-994.704,-513.862,-287.541,-385.004,-638.449,-763.652,-855.609,-848.059,-364.209,-339.204,-166.455,29.209,171.190,310.479,619.394,419.597,445.944,487.013,688.394,710.648,710.013,543.008,316.340,305.305,629.708,585.811,801.188,764.811,444.036,485.521,256.870,33.040,-69.138,-140.278,-424.488,-200.418,-183.479,-214.086,-388.386,-588.439,-648.352,-902.814,-824.985,-974.761,-968.798,-579.200,-878.629,-1047.520,-838.091
39.496,234.070,266.820,-9.354,-141.357,-413.137,-191.110,-375.797,-336.718,-316.370,-485.719,-119.120,-81.610,91.970,124.249,50.152,-130.566,-225.270,-228.712,-76.449,-321.335,-614.746,-719.935,-616.980,-397.860,-303.153,-335.768,-196.423,-369.934,-377.111,-510.496,-529.629,-461.295,-414.871,-532.436,-620.801,-193.973,-391.779,-551.169,-589.136,-462.869,-30.736,215.534,149.242,-163.360,-230.154,-381.649,-442.099,2.631,-14.768,126.609,213.277,247.731,423.939,546.133,455.353,473.025,451.598,615.558,594.807,644.088,523.775,495.633,535.794,888.802,831.958,994.341,988.998,640.915,717.611,506.121,350.806,210.005,278.287,-27.797,107.463,72.073,17.445,-158.317,-277.950,-388.407,-677.328,-696.567,-881.794,-868.195,-564.787,-712.644,-729.131,-601.437
441.556,450.816,492.005,43.153,-68.501,-186.139,25.938,-123.615,-156.358,-283.691,-447.317,-224.928,-278.030,-160.651,-177.533,-178.268,-214.266,-320.056,-352.564,-232.292,-541.329,-624.284,-743.086,-655.409,-480.790,-372.484,-415.029,-240.881,-239.915,-94.941,-222.453,-125.225,-43.508,-8.912,-36.043,-212.860,108.276,-34.964,-116.918,-80.490,18.192,362.398,594.459,569.829,269.209,296.483,124.176,-72.964,229.084,158.148,283.674,235.709,157.498,343.771,335.407,369.627,340.560,258.029,375.929,376.814,436.626,373.957,527.614,607.151,874.353,770.548,876.519,990.023,677.382,756.973,619.141,554.630,398.577,567.849,296.763,377.472,362.862,297.437,94.405,88.199,-50.529,-288.139,-372.503,-584.692,-527.034,-341.354,-321.960,-194.227,-165.167
622.029,440.131,479.215,-13.959,-75.496,-58.933,62.930,-15.554,-106.021,-366.714,-467.409,-394.131,-558.466,-473.581,-502.399,-404.497,-352.836,-492.230,-503.613,-372.545,-670.215,-526.929,-682.303,-591.700,-501.336,-337.931,-387.430,-235.823,-13.162,234.369,124.609,292.712,381.943,356.079,381.356,89.021,302.651,233.408,241.796,255.560,295.081,526.354,717.099,732.759,492.974,634.907,481.309,143.891,239.808,136.002,263.249,113.193,-59.868,95.450,48.763,183.668,61.881,-92.667,12.797,81.420,107.919,106.379,364.819,465.006,577.012,409.762,463.504,735.848,515.528,553.838,518.566,518.524,386.953,602.693,412.017,491.009,587.831,533.923,285.396,415.158,289.403,158.903,61.134,-150.599,-36.042,37.504,174.761,406.638,348.082
520.794,214.211,238.296,-172.084,-161.331,-83.697,-99.409,-106.674,-207.182,-535.737,-517.005,-524.838,-780.195,-689.416,-687.281,-517.888,-475.235,-652.244,-624.089,-457.299,-674.040,-359.556,-569.307,-462.451,-464.423,-219.959,-268.010,-204.137,209.856,458.341,369.426,536.409,617.011,525.634,555.635,174.351,312.876,327.103,416.825,337.591,302.233,417.532,553.712,597.888,432.513,681.361,569.400,164.377,61.865,-26.065,111.794,-73.610,-306.904,-228.063,-229.677,-45.105,-299.443,-541.138,-391.372,-249.369,-283.218,-231.842,32.703,136.118,83.359,-137.183,-121.774,270.839,172.635,134.037,187.148,196.108,135.828,350.113,264.994,379.045,655.480,636.886,345.545,613.801,538.846,512.806,448.170,281.291,434.094,433.892,598.318,881.943,773.863
185.910,-130.483,-131.528,-389.530,-304.417,-249.745,-401.547,-374.313,-430.287,-741.053,-571.671,-552.747,-848.840,-716.733,-651.281,-479.510,-534.302,-722.617,-668.084,-475.975,-571.066,-186.897,-455.397,-325.840,-397.940,-82.930,-112.281,-181.382,322.523,463.618,387.308,491.839,539.085,421.907,423.379,27.217,137.639,225.826,370.840,186.074,84.349,106.024,189.456,245.716,139.743,457.402,384.756,30.565,-191.068,-207.835,-63.539,-224.036,-476.015,-507.420,-427.576,-248.456,-650.448,-981.439,-741.183,-560.223,-649.368,-566.566,-374.051,-278.980,-457.326,-696.473,-696.818,-294.698,-277.602,-402.924,-312.851,-343.187,-292.726,-108.741,-85.371,61.442,528.828,561.394,254.310,634.936,623.793,644.304,631.714,556.644,704.735,684.211,787.248,1078.560,975.811
-236.276,-443.078,-471.602,-592.340,-458.471,-479.454,-722.179,-716.605,-700.219,-926.911,-618.779,-477.891,-758.812,-572.223,-431.576,-336.645,-527.293,-675.894,-623.445,-451.966,-425.114,-81.883,-394.947,-242.248,-343.681,-6.951,1.734,-198.397,263.560,233.200,153.231,174.256,162.735,82.663,49.946,-268.681,-147.856,-17.431,150.634,-91.353,-228.874,-256.465,-213.001,-159.035,-229.165,100.061,43.351,-154.475,-376.014,-288.596,-151.224,-268.601,-500.082,-647.839,-511.415,-376.921,-900.757,-1293.795,-958.357,-791.573,-897.606,-815.576,-725.410,-644.526,-888.301,-1099.472,-1088.770,-816.096,-721.965,-911.809,-848.185,-926.887,-747.393,-603.692,-487.773,-349.026,250.598,335.227,55.327,492.012,524.065,511.712,532.815,577.920,672.685,677.469,674.037,949.926,907.938
-559.850,-578.017,-626.308,-694.439,-561.479,-658.123,-925.221,-989.927,-922.220,-1044.402,-653.857,-354.366,-582.995,-362.428,-155.394,-189.099,-486.511,-541.410,-513.279,-425.731,-313.992,-96.567,-422.106,-250.706,-338.109,-46.733,7.624,-262.095,51.486,-139.758,-240.041,-276.699,-361.724,-351.991,-400.292,-570.433,-425.684,-300.920,-135.936,-350.828,-482.946,-504.094,-483.774,-440.139,-486.368,-202.208,-272.688,-278.739,-391.197,-209.459,-92.145,-201.267,-381.491,-616.869,-494.642,-419.136,-993.062,-1387.676,-1005.471,-895.134,-960.902,-915.751,-907.848,-844.238,-1101.032,-1243.572,-1197.186,-1158.178,-1040.723,-1248.448,-1254.286,-1342.317,-1044.429,-940.144,-760.404,-686.361,-68.296,53.568,-156.918,259.547,289.413,189.421,196.296,354.440,362.613,412.890,320.223,578.394,636.824
-642.668,-460.540,-513.142,-633.432,-559.295,-687.122,-918.171,-1071.240,-1018.838,-1062.529,-673.015,-253.697,-423.040,-218.794,33.540,-128.761,-449.012,-380.539,-378.204,-426.639,-289.058,-236.610,-531.844,-351.143,-392.502,-199.072,-115.369,-346.168,-217.667,-490.175,-619.567,-660.401,-813.802,-700.487,-738.061,-742.494,-588.970,-519.313,-368.477,-475.767,-565.382,-528.494,-516.751,-484.984,-499.753,-297.625,-400.165,-274.353,-224.963,-1.931,91.393,-77.271,-186.630,-453.001,-424.601,-401.592,-920.248,-1238.296,-896.008,-852.739,-827.197,-849.709,-872.995,-829.792,-1070.738,-1125.361,-1026.817,-1238.792,-1148.232,-1320.741,-1395.684,-1426.287,-1048.384,-979.631,-770.709,-802.351,-296.452,-161.305,-277.257,44.039,23.941,-160.785,-223.999,2.132,-80.750,4.787,-109.678,138.212,309.918
