54.816,532.919,397.801,409.028,140.937,-158.460,-130.007,105.322,6.825,13.428,621.993,762.929,510.091,916.690,1013.745,1038.455,904.221,676.588,82.215,152.822,-143.557,-224.649,-600.443,-459.258,47.602,499.518,548.104,792.573,489.817,366.974,109.142,192.654,294.192,350.861,-49.963,-273.816,-486.100,-219.574,-471.195,-313.086,-89.755,-534.192,-248.115,-5.861,-214.676,-492.379,-369.419,-396.433,-334.552,-194.903,217.369,-66.614,446.212,476.767,618.573,1119.554,696.742,682.346,551.943,605.003,672.108,742.778,469.397,287.486,470.465,470.176,533.556,613.196,169.062,103.534,92.318,-33.592,-600.372,-621.492,-673.366,-728.640,-676.373,-332.967,-292.036,-275.959,-134.593,-302.801,-273.556,-49.486,151.450,-4.041,289.078,909.076,749.328
494.950,869.837,643.799,615.060,187.851,-285.901,-239.387,60.272,-131.887,81.730,512.198,513.719,27.111,246.839,144.592,-143.292,-368.748,-565.434,-1169.600,-1126.901,-1394.944,-1484.462,-2013.477,-1892.441,-1385.960,-999.996,-1061.799,-887.573,-1271.657,-1565.050,-1919.702,-1747.436,-1478.093,-1304.020,-1591.323,-1553.704,-1679.962,-1385.345,-1472.956,-1420.928,-1070.875,-1387.441,-1035.586,-605.999,-558.501,-684.131,-393.116,-502.996,-241.198,-19.768,510.713,205.082,644.092,787.546,1010.174,1428.211,1116.793,1306.074,992.596,1196.259,1375.746,1434.056,1219.711,850.264,801.609,613.723,520.836,642.407,348.425,179.060,17.442,-96.795,-573.973,-522.557,-698.665,-763.492,-701.658,-479.055,-508.462,-571.210,-172.619,-276.643,-289.329,-5.539,290.625,269.385,728.732,1133.968,1144.950
909.289,1101.482,839.799,745.767,206.183,-378.747,-244.551,64.487,-176.950,167.458,254.842,47.024,-568.789,-579.981,-789.007,-1365.370,-1701.402,-1915.098,-2428.495,-2386.928,-2556.789,-2667.130,-3200.705,-3083.339,-2583.908,-2372.893,-2579.877,-2460.575,-2915.238,-3259.746,-3629.825,-3368.162,-2987.518,-2696.905,-2807.652,-2506.508,-2538.032,-2235.988,-2181.355,-2318.476,-1896.135,-1985.134,-1640.319,-1185.352,-919.557,-889.080,-502.008,-682.247,-299.946,-73.893,552.024,297.204,543.486,728.780,948.170,1148.595,1047.175,1430.671,951.665,1280.161,1569.523,1644.264,1556.800,1194.098,949.459,688.568,507.274,702.407,585.416,366.842,57.002,57.799,-196.738,-167.064,-369.020,-403.960,-368.141,-378.513,-446.683,-517.398,14.995,-56.055,-202.368,18.325,330.221,382.488,838.969,992.518,1138.713
1205.777,1192.873,992.502,859.159,285.074,-283.545,-24.398,243.952,16.622,359.190,56.743,-337.987,-916.262,-1132.926,-1311.960,-2050.139,-2473.350,-2728.555,-3037.847,-2964.188,-2980.580,-3118.791,-3510.202,-3340.852,-2865.108,-2870.236,-3191.955,-3064.235,-3552.374,-3771.740,-4083.049,-3746.386,-3364.582,-2989.678,-2903.771,-2452.415,-2409.395,-2148.745,-2059.663,-2390.942,-2004.563,-1823.292,-1610.664,-1331.827,-972.623,-823.149,-487.020,-719.735,-343.660,-217.763,446.739,303.006,293.230,425.484,535.803,466.853,585.102,1094.945,517.501,895.931,1236.506,1363.196,1401.359,1224.448,877.332,658.239,485.388,745.904,768.132,586.277,149.009,349.164,370.634,292.519,144.695,177.243,142.023,-127.034,-191.292,-181.785,320.417,251.974,-38.221,28.388,267.789,322.788,609.739,598.134,780.719
1331.252,1158.290,1118.137,1017.413,493.401,81.082,454.330,647.438,490.974,699.880,96.421,-384.439,-763.724,-1110.872,-1142.990,-1878.170,-2341.004,-2625.356,-2662.898,-2538.630,-2393.736,-2562.221,-2733.381,-2455.964,-2044.986,-2232.742,-2592.902,-2386.839,-2851.376,-2790.024,-3003.360,-2626.327,-2366.802,-1959.133,-1697.189,-1266.301,-1169.495,-1006.204,-1012.991,-1456.979,-1220.178,-785.820,-825.628,-865.118,-564.353,-347.202,-222.180,-477.508,-224.389,-285.407,339.054,325.261,78.488,73.285,9.664,-281.188,-26.850,517.376,-76.760,271.425,566.295,755.273,850.142,951.910,618.750,515.533,430.938,702.553,793.268,731.482,199.778,624.851,880.085,662.956,587.820,706.968,568.570,113.912,78.867,216.710,557.971,483.263,123.755,14.872,114.301,118.298,142.722,127.368,235.827
1281.543,1047.000,1221.210,1238.582,833.141,667.345,1100.299,1205.017,1150.544,1150.800,431.905,-4.900,-96.038,-485.705,-334.220,-941.691,-1400.989,-1673.615,-1463.127,-1300.806,-1050.994,-1253.658,-1231.146,-834.874,-551.338,-837.075,-1156.295,-851.482,-1236.222,-833.608,-956.970,-593.225,-547.470,-155.811,235.976,503.171,657.440,688.066,505.202,87.081,109.609,736.562,398.705,36.659,169.354,415.425,233.705,8.312,84.078,-188.371,323.207,407.149,21.851,-160.184,-378.388,-770.221,-519.954,-15.881,-562.983,-289.628,-132.269,86.343,135.706,489.814,270.994,297.994,335.028,530.129,629.338,729.655,151.571,746.747,1117.881,801.679,751.661,943.849,706.603,202.736,188.244,421.213,557.398,492.033,185.986,-50.627,-115.632,-182.055,-401.967,-265.486,-296.984
1099.552,920.161,1287.440,1476.867,1226.863,1305.991,1723.234,1747.663,1794.983,1597.513,967.497,675.564,853.748,488.439,755.264,306.861,-131.872,-348.598,-9.318,147.194,394.140,145.876,243.866,699.371,794.667,506.140,267.014,604.338,330.302,1003.801,923.508,1211.169,1014.241,1364.207,1831.859,1887.588,2131.040,2033.564,1686.788,1434.361,1259.964,2001.342,1439.888,904.476,847.787,1109.765,645.727,527.268,455.974,30.840,393.117,508.098,130.238,-203.109,-472.409,-825.833,-715.195,-280.873,-748.814,-543.618,-563.284,-384.289,-464.354,12.888,-35.601,83.639,229.267,256.193,347.408,585.668,31.003,668.941,1010.453,684.077,581.674,795.391,511.977,91.661,60.231,272.098,256.535,224.683,85.343,-198.597,-403.127,-522.981,-870.009,-508.511,-669.437
860.864,827.657,1292.764,1641.413,1546.293,1776.600,2112.275,2081.055,2205.757,1897.179,1497.029,1381.254,1714.079,1402.420,1638.321,1284.093,854.259,712.821,1010.950,1104.932,1231.426,918.981,939.093,1336.992,1220.045,996.009,815.607,1040.679,869.052,1632.896,1534.609,1690.241,1288.490,1601.505,2094.141,2003.044,2372.673,2191.675,1775.584,1771.782,1494.083,2276.553,1678.815,1212.284,1036.043,1321.322,722.642,794.842,672.814,222.541,453.412,533.850,308.023,-91.261,-268.716,-485.031,-586.956,-206.338,-585.457,-407.231,-565.400,-504.114,-734.814,-310.633,-186.499,-38.934,180.871,-20.338,95.265,384.449,-55.865,462.617,658.789,412.362,206.944,361.358,123.822,-148.668,-238.722,-205.686,-254.514,-244.289,-163.688,-432.922,-714.319,-846.015,-1157.914,-618.965,-831.344
648.881,791.664,1219.976,1642.040,1667.889,1905.983,2129.297,2077.199,2244.220,1943.784,1802.014,1820.132,2151.028,1889.836,1939.486,1564.802,1121.079,1034.493,1145.301,1135.833,1068.421,674.937,501.151,715.842,427.520,286.646,97.274,43.256,-67.921,564.730,403.282,393.262,-129.740,171.338,641.991,539.803,1040.962,842.008,478.762,715.546,461.153,1228.046,830.585,658.085,483.933,802.058,284.362,601.443,540.182,215.221,381.031,399.066,420.730,70.610,100.083,41.183,-254.538,110.057,-171.671,17.603,-173.444,-281.819,-605.507,-387.778,-132.826,-16.069,254.102,-175.284,22.283,246.024,15.599,272.911,282.754,161.413,-125.668,-117.882,-207.951,-365.992,-529.840,-808.718,-763.671,-734.448,-460.441,-707.502,-989.384,-1085.911,-1224.572,-659.941,-822.109
525.418,800.632,1070.822,1436.326,1528.128,1645.972,1770.996,1736.768,1912.505,1717.436,1755.037,1821.935,2022.637,1795.412,1573.328,1083.574,618.594,534.073,402.616,288.027,37.855,-438.435,-831.659,-874.250,-1225.354,-1310.310,-1581.263,-2022.456,-2125.573,-1799.989,-2031.920,-2211.056,-2759.667,-2447.529,-2046.325,-2029.325,-1450.774,-1609.437,-1838.092,-1453.769,-1585.400,-872.928,-879.421,-656.929,-716.017,-372.010,-616.349,-69.232,-1.171,-85.573,100.746,84.053,369.633,169.168,436.445,475.731,84.879,459.306,298.891,498.846,403.344,123.767,-176.244,-240.910,80.379,132.951,458.824,-130.585,192.779,256.154,304.349,231.852,104.046,89.241,-179.687,-381.528,-253.100,-405.472,-612.706,-1252.690,-1031.132,-1033.262,-653.994,-926.654,-1144.743,-1171.869,-1075.905,-678.266,-719.714
506.602,814.545,865.744,1053.041,1152.088,1093.001,1169.113,1189.495,1347.407,1291.877,1376.570,1411.375,1435.339,1231.833,772.193,148.251,-311.385,-451.358,-763.162,-941.105,-1273.707,-1810.012,-2349.569,-2631.840,-2899.776,-2981.241,-3365.311,-4177.960,-4306.946,-4353.245,-4621.208,-4946.026,-5441.807,-5119.298,-4836.048,-4646.023,-4101.548,-4192.354,-4287.671,-3890.211,-3873.608,-3240.251,-2794.686,-2251.103,-2142.395,-1802.969,-1690.261,-1016.880,-830.240,-638.645,-366.941,-347.185,137.177,131.636,565.990,598.735,245.718,620.705,619.545,780.791,874.899,474.202,327.012,0.989,324.920,309.817,720.156,90.160,537.004,411.852,746.614,377.348,229.062,257.438,146.084,-276.851,77.462,-190.711,-370.442,-1312.977,-904.242,-990.212,-611.140,-977.094,-1096.322,-1043.372,-742.513,-664.327,-582.831
554.740,779.957,632.587,580.807,642.838,441.728,529.522,632.063,751.839,796.629,818.184,782.808,677.387,502.113,-46.990,-736.579,-1132.839,-1356.296,-1699.972,-1875.638,-2139.279,-2690.170,-3244.104,-3659.992,-3716.672,-3845.605,-4308.644,-5339.870,-5491.596,-5847.460,-6091.357,-6523.476,-6917.898,-6617.156,-6491.425,-6179.410,-5800.024,-5833.567,-5873.228,-5576.973,-5469.969,-4928.089,-4131.116,-3482.930,-3232.448,-2942.096,-2536.078,-1911.080,-1691.777,-1279.637,-909.815,-776.584,-215.988,-55.954,403.083,331.852,126.597,457.714,648.079,694.300,995.014,552.567,647.891,159.540,440.546,373.750,895.481,358.164,872.335,615.005,1165.132,625.580,592.962,601.088,759.741,166.875,680.954,233.594,163.365,-937.923,-397.354,-588.589,-285.700,-781.626,-799.010,-679.822,-268.877,-559.718,-422.135
592.542,651.006,393.143,129.730,138.397,-102.351,41.307,235.662,300.008,354.595,283.478,194.263,67.361,-66.093,-503.687,-1139.427,-1407.717,-1690.554,-1902.842,-2021.594,-2080.592,-2592.741,-3037.113,-3439.709,-3232.201,-3437.590,-3891.710,-4902.100,-5038.905,-5552.417,-5715.802,-6215.502,-6484.549,-6256.774,-6300.074,-5993.944,-5871.714,-5886.041,-5972.586,-5821.009,-5731.065,-5278.125,-4355.435,-3860.999,-3552.124,-3348.672,-2832.661,-2444.323,-2310.192,-1796.669,-1375.164,-1090.683,-592.633,-360.133,-28.065,-245.534,-259.112,-28.653,353.788,225.866,664.891,254.884,608.395,89.721,307.717,208.684,838.994,496.815,990.236,721.389,1347.940,814.297,993.801,961.554,1414.555,753.092,1307.750,717.586,809.489,-278.551,303.816,39.010,245.738,-349.323,-284.387,-130.175,281.053,-308.264,-215.936
536.978,410.197,157.496,-213.032,-242.290,-407.762,-199.423,70.834,64.670,28.852,-70.422,-160.868,-201.916,-284.664,-445.322,-921.794,-1026.008,-1294.326,-1274.581,-1324.994,-1125.012,-1558.174,-1837.159,-2107.746,-1690.365,-1971.343,-2318.953,-3077.698,-3150.270,-3650.519,-3710.000,-4243.977,-4373.485,-4261.411,-4439.120,-4275.138,-4413.095,-4451.652,-4645.699,-4594.693,-4618.976,-4233.932,-3445.791,-3285.060,-3010.273,-2905.185,-2499.193,-2473.010,-2512.567,-2027.904,-1638.684,-1233.719,-909.492,-724.118,-615.038,-943.371,-798.176,-705.258,-177.022,-478.945,-26.256,-364.226,185.338,-248.614,-90.290,-210.268,484.057,373.897,766.945,620.575,1159.260,794.091,1198.051,1163.504,1823.228,1210.917,1678.084,1071.578,1317.600,379.456,918.162,660.615,803.197,206.427,326.213,477.963,813.289,82.263,44.225
339.808,81.155,-69.991,-411.782,-439.804,-460.201,-216.049,87.230,1.310,-193.506,-199.768,-237.747,-144.185,-183.053,-10.314,-294.087,-252.364,-411.074,-165.733,-190.843,208.391,-134.359,-284.075,-386.864,90.324,-239.281,-426.740,-808.203,-786.395,-1152.778,-1133.807,-1673.746,-1648.656,-1658.220,-1886.324,-1937.186,-2236.015,-2325.896,-2603.134,-2545.938,-2715.937,-2361.214,-1899.039,-2092.691,-1904.079,-1875.984,-1736.854,-2074.072,-2298.074,-1929.696,-1654.082,-1225.021,-1126.101,-1085.804,-1202.506,-1540.610,-1323.139,-1361.645,-772.970,-1174.049,-838.041,-1109.326,-477.995,-764.298,-647.107,-786.749,-102.011,-19.906,239.124,303.024,622.983,516.721,1061.711,1096.337,1790.424,1318.767,1611.142,1148.121,1474.762,747.307,1191.481,1039.619,1173.841,698.463,848.523,964.918,1207.124,509.659,312.467
15.959,-273.660,-278.306,-483.706,-465.485,-348.450,-120.420,155.777,-7.230,-373.954,-177.493,-139.751,52.489,35.225,466.443,317.324,432.337,456.908,824.015,745.133,1188.021,917.643,791.987,798.927,1144.593,809.886,758.043,722.357,828.174,628.835,658.114,142.976,336.293,248.690,83.194,-154.192,-447.413,-588.040,-846.294,-668.021,-927.730,-561.329,-478.230,-885.442,-768.947,-775.364,-926.375,-1489.605,-1820.418,-1581.702,-1459.287,-1132.281,-1238.647,-1381.384,-1638.348,-1860.011,-1666.782,-1787.135,-1232.896,-1606.146,-1475.472,-1717.873,-1130.042,-1267.790,-1168.529,-1330.067,-726.510,-550.969,-399.154,-124.415,-70.273,70.123,603.981,760.445,1298.841,999.394,1103.409,902.206,1196.967,663.791,1008.399,1032.990,1204.102,938.122,1098.902,1159.543,1344.076,804.070,484.787
-356.207,-572.805,-442.161,-477.595,-383.239,-206.962,-45.823,147.382,-74.188,-569.853,-136.023,-40.742,147.948,126.808,650.143,515.631,605.359,829.034,1173.589,967.324,1265.864,1036.492,816.818,821.246,879.198,590.318,576.670,716.653,856.209,777.456,733.073,281.544,640.564,555.818,553.986,243.461,118.755,-47.121,-161.930,202.205,-27.388,376.970,171.492,-223.133,-108.435,-110.154,-432.431,-991.363,-1296.535,-1130.678,-1140.479,-1018.574,-1249.485,-1541.086,-1806.240,-1812.096,-1707.325,-1839.523,-1386.901,-1605.393,-1704.001,-1960.352,-1513.913,-1550.269,-1450.923,-1631.744,-1147.470,-996.636,-881.560,-486.043,-642.749,-361.155,-3.405,259.067,510.080,344.994,321.523,404.151,562.691,163.311,441.871,649.722,871.116,819.376,971.013,972.015,1156.430,805.080,442.572
-666.714,-748.297,-528.268,-445.317,-275.019,-148.534,-81.385,3.708,-244.152,-788.953,-184.760,-77.649,-7.853,-45.016,395.392,156.020,140.913,509.418,719.743,362.620,377.286,168.557,-216.051,-311.024,-596.524,-787.588,-888.676,-800.499,-694.611,-736.439,-917.531,-1262.364,-773.138,-770.410,-564.833,-809.484,-679.802,-833.504,-732.677,-202.323,-275.458,158.539,-159.216,-344.842,-144.182,-128.772,-417.116,-739.237,-893.348,-707.887,-778.489,-896.630,-1138.800,-1491.805,-1643.076,-1402.523,-1395.750,-1483.796,-1147.053,-1141.259,-1436.486,-1727.383,-1470.746,-1473.472,-1368.435,-1557.824,-1184.346,-1149.042,-996.228,-624.530,-859.258,-589.928,-523.291,-254.921,-314.489,-432.621,-480.791,-195.931,-223.702,-547.793,-282.021,44.150,298.530,374.790,490.639,445.005,671.870,450.687,122.599
-825.631,-778.001,-515.453,-422.377,-208.027,-220.727,-240.286,-237.959,-474.676,-978.780,-348.953,-274.243,-390.928,-433.735,-175.538,-576.633,-718.597,-311.155,-263.208,-720.556,-1019.992,-1199.918,-1739.635,-1954.497,-2514.375,-2560.256,-2839.807,-2982.757,-2962.963,-3037.828,-3367.424,-3573.031,-3027.116,-2887.573,-2515.402,-2599.508,-2245.855,-2352.998,-2067.994,-1469.589,-1314.552,-899.292,-1156.958,-1062.332,-717.004,-707.252,-762.396,-710.230,-654.323,-367.824,-410.531,-719.868,-863.079,-1177.399,-1147.642,-713.900,-765.060,-794.369,-535.681,-327.762,-759.578,-1070.313,-999.679,-1029.334,-928.698,-1112.578,-808.439,-916.913,-689.738,-481.632,-641.635,-523.942,-769.426,-646.668,-929.238,-1096.621,-1075.621,-730.957,-918.180,-1190.440,-886.160,-551.984,-293.405,-227.238,-180.984,-246.285,25.572,-171.808,-427.436
-809.974,-701.998,-417.453,-424.928,-216.735,-402.366,-472.223,-476.478,-670.827,-1057.700,-562.327,-536.422,-821.922,-843.896,-747.816,-1276.881,-1499.550,-1170.125,-1226.130,-1671.339,-2194.128,-2310.862,-2923.640,-3185.513,-3854.886,-3721.838,-4187.214,-4613.141,-4694.131,-4826.312,-5255.704,-5319.528,-4813.058,-4546.339,-4124.612,-4040.324,-3592.505,-3630.990,-3293.324,-2760.007,-2392.460,-2068.750,-2174.447,-1881.585,-1391.615,-1432.096,-1144.984,-735.292,-503.717,-81.739,-29.389,-418.060,-386.837,-593.391,-385.996,121.461,75.472,72.397,315.705,618.213,106.483,-180.958,-250.796,-342.679,-270.610,-441.318,-164.920,-372.809,-94.340,-128.620,-108.085,-213.828,-691.539,-847.464,-1199.005,-1477.507,-1347.238,-1076.422,-1331.839,-1536.628,-1162.741,-927.719,-682.605,-748.309,-803.510,-853.580,-576.417,-846.540,-1045.337
-680.298,-611.047,-291.766,-458.519,-302.323,-632.791,-705.220,-613.412,-748.799,-969.190,-714.152,-717.390,-1074.197,-1054.130,-1000.276,-1554.173,-1768.687,-1602.221,-1661.617,-1967.619,-2545.741,-2563.284,-3139.138,-3321.814,-3910.631,-3592.402,-4158.111,-4775.824,-4934.959,-5104.142,-5542.010,-5503.391,-5122.109,-4790.657,-4466.801,-4285.612,-3905.194,-3865.758,-3645.235,-3284.140,-2794.094,-2625.308,-2594.849,-2287.172,-1709.144,-1836.179,-1225.587,-621.515,-321.957,213.682,381.451,41.605,269.586,181.991,508.519,947.042,959.251,922.019,1197.889,1446.933,893.812,679.502,542.311,382.803,394.827,230.641,488.372,279.052,536.120,270.522,484.406,174.733,-387.673,-863.899,-1132.124,-1523.869,-1314.849,-1182.564,-1393.405,-1499.198,-1056.320,-977.719,-741.908,-982.413,-1153.333,-1154.148,-933.864,-1318.133,-1513.603
-554.154,-606.937,-222.795,-526.468,-442.646,-850.163,-887.458,-613.353,-688.994,-726.114,-720.699,-711.719,-1008.985,-956.637,-798.736,-1264.074,-1389.843,-1414.080,-1400.441,-1487.187,-1954.063,-1870.551,-2327.340,-2329.855,-2703.972,-2236.512,-2761.106,-3390.426,-3591.508,-3761.365,-4112.577,-4046.279,-3829.295,-3512.518,-3398.216,-3218.772,-3012.424,-2893.269,-2906.978,-2749.297,-2249.438,-2251.581,-2177.020,-2035.969,-1451.140,-1661.609,-851.015,-289.000,-45.149,545.174,801.077,604.528,997.828,983.874,1349.531,1605.005,1694.589,1569.030,1879.774,1949.540,1381.767,1273.267,1157.593,948.618,872.454,694.236,897.478,798.017,948.456,543.546,865.970,449.215,-42.074,-751.653,-845.926,-1297.350,-1090.971,-1071.982,-1157.450,-1150.013,-673.673,-737.511,-492.875,-848.455,-1117.609,-1046.250,-936.511,-1408.080,-1656.569
-545.149,-749.119,-281.472,-627.877,-602.744,-1014.690,-1003.985,-521.893,-546.659,-416.365,-578.193,-522.173,-660.743,-631.308,-286.777,-604.907,-620.784,-809.472,-721.636,-602.658,-869.254,-743.237,-1064.766,-886.547,-1022.673,-490.646,-842.084,-1308.797,-1534.739,-1688.060,-1896.646,-1885.489,-1804.990,-1550.268,-1665.134,-1546.421,-1503.514,-1305.160,-1544.685,-1530.265,-1093.999,-1213.536,-1194.369,-1299.102,-769.790,-1007.035,-157.242,158.196,272.393,856.082,1145.930,1123.248,1612.472,1597.994,1934.292,1961.567,2108.719,1878.263,2175.039,2013.859,1464.605,1464.404,1464.611,1236.291,1058.466,842.186,927.073,1016.497,1007.461,596.433,883.685,490.541,174.353,-575.341,-492.645,-925.407,-807.278,-812.620,-762.719,-666.263,-220.353,-356.117,-91.224,-428.346,-742.636,-596.226,-614.332,-1099.741,-1426.375
-696.152,-1012.378,-479.341,-745.194,-739.955,-1106.740,-1062.107,-431.179,-414.405,-163.137,-366.389,-260.313,-223.911,-308.987,181.069,-21.024,11.113,-288.435,-207.926,3.766,-87.737,-35.737,-273.140,-41.683,-31.254,443.101,326.571,103.668,-169.178,-326.024,-402.101,-498.083,-468.649,-254.903,-508.979,-427.551,-415.495,-141.224,-459.683,-463.822,-87.653,-210.540,-287.376,-570.052,-108.508,-276.572,488.458,472.733,473.062,1017.332,1288.242,1407.504,1910.975,1832.718,2100.630,1937.427,2096.371,1794.684,2000.580,1649.210,1170.885,1255.231,1457.260,1240.577,969.867,703.896,616.575,908.766,749.015,455.535,569.163,311.179,186.965,-379.352,-188.746,-541.527,-551.669,-484.617,-365.719,-238.361,102.102,-21.312,249.490,69.791,-211.845,-11.662,-125.584,-546.493,-930.402
-942.237,-1279.666,-743.062,-831.978,-805.164,-1108.554,-1060.851,-414.886,-360.292,-59.971,-201.274,-80.903,52.705,-240.998,232.795,40.759,-4.269,-366.522,-416.204,-281.734,-316.970,-475.993,-712.844,-641.806,-642.407,-353.364,-268.588,-294.572,-666.954,-873.467,-889.845,-1082.008,-999.247,-735.127,-963.062,-820.255,-643.798,-306.656,-478.771,-369.475,18.352,24.718,-102.826,-382.823,49.976,46.396,682.225,400.002,384.291,895.671,1115.106,1310.248,1760.239,1598.263,1787.482,1536.985,1658.615,1357.295,1407.089,977.265,635.030,771.045,1231.235,1050.844,718.262,416.047,150.931,587.031,345.072,243.713,111.045,40.627,42.064,-183.308,18.808,-241.007,-347.093,-156.681,-80.937,13.121,188.125,127.074,360.035,408.350,238.824,450.917,315.927,4.113,-381.424
-1127.668,-1380.782,-929.282,-815.295,-746.935,-989.618,-970.488,-473.532,-380.419,-117.123,-165.253,-88.817,5.781,-546.616,-303.659,-608.036,-861.403,-1262.809,-1537.988,-1632.337,-1756.346,-2223.907,-2524.317,-2815.949,-2973.358,-2956.804,-2775.869,-2746.297,-3264.598,-3558.676,-3616.480,-3823.961,-3616.490,-3179.229,-3214.369,-2892.054,-2390.906,-2022.831,-1853.844,-1553.562,-1065.409,-838.177,-911.730,-990.995,-526.280,-319.612,214.308,-162.814,-67.909,442.910,599.388,807.819,1168.664,956.059,1072.444,861.977,914.946,692.668,568.611,194.283,39.250,203.955,924.118,795.763,445.890,147.484,-236.722,231.783,3.803,105.364,-250.289,-151.928,-134.587,1.973,141.563,-65.612,-174.346,122.532,49.740,74.605,67.446,56.858,195.281,432.420,429.902,603.214,541.489,333.580,7.493
-1075.398,-1165.884,-880.869,-620.243,-524.244,-712.488,-741.202,-525.779,-396.907,-251.563,-256.350,-273.440,-346.833,-1126.238,-1279.962,-1764.575,-2294.648,-2731.468,-3240.146,-3622.351,-3926.254,-4705.752,-5073.285,-5810.961,-6188.802,-6449.608,-6289.274,-6356.905,-7014.840,-7390.244,-7568.218,-7666.926,-7336.563,-6636.287,-6391.529,-5827.243,-4965.586,-4620.982,-4052.668,-3575.961,-2947.558,-2498.842,-2418.476,-2188.109,-1652.955,-1273.625,-791.058,-1075.821,-787.324,-247.043,-157.924,31.175,304.175,109.992,162.647,95.079,76.969,-14.690,-269.360,-484.489,-448.766,-259.473,650.634,581.941,258.490,18.332,-379.126,-3.054,-138.763,123.009,-348.474,-153.982,-217.697,154.998,211.870,-12.829,-15.201,322.663,52.822,20.917,-122.528,-148.770,-145.988,144.188,320.472,412.590,507.014,360.631,130.364
-679.286,-583.109,-502.667,-209.792,-126.652,-260.389,-339.723,-454.395,-305.245,-329.635,-387.022,-510.292,-810.123,-1695.643,-2278.129,-2912.157,-3679.031,-4144.195,-4789.841,-5390.147,-5859.816,-6841.555,-7211.330,-8298.309,-8848.926,-9293.382,-9218.534,-9460.524,-10171.746,-10565.473,-10877.312,-10752.515,-10380.350,-9418.767,-8934.200,-8173.503,-7075.941,-6822.958,-5982.016,-5430.850,-4712.091,-4145.965,-3881.099,-3382.696,-2792.555,-2360.337,-1911.839,-1994.162,-1526.571,-953.697,-944.004,-773.450,-558.189,-663.978,-667.579,-550.455,-614.394,-572.404,-868.579,-884.544,-721.372,-499.378,462.907,455.697,187.368,52.975,-247.999,-59.579,-78.006,271.760,-171.465,27.919,-154.764,237.989,247.779,-55.356,116.583,428.108,-5.676,-40.720,-213.379,-336.251,-470.163,-296.625,23.830,17.448,311.151,178.371,41.460
26.533,277.529,179.504,380.014,407.408,329.880,208.153,-182.192,-44.628,-241.557,-434.435,-631.324,-1117.162,-1932.004,-2817.599,-3480.927,-4340.804,-4801.244,-5420.948,-6064.765,-6586.599,-7581.323,-7851.017,-9033.379,-9624.263,-10084.345,-10076.561,-10451.758,-11064.554,-11381.044,-11763.582,-11366.301,-11076.937,-9967.766,-9397.683,-8590.911,-7502.593,-7400.551,-6559.095,-6076.068,-5394.903,-4884.775,-4500.663,-3908.300,-3331.015,-3006.266,-2635.436,-2528.362,-1997.946,-1420.860,-1510.823,-1341.791,-1141.769,-1124.156,-1174.182,-902.207,-969.765,-839.422,-1077.398,-921.375,-750.084,-493.096,348.677,401.206,194.343,185.727,47.378,12.925,76.438,435.773,142.902,272.826,7.644,211.218,242.096,-157.458,176.841,437.926,-56.263,-30.803,-91.963,-356.843,-583.064,-647.533,-251.325,-338.309,141.748,0.561,-75.355
860.154,1200.535,1009.491,1032.421,987.079,954.235,799.324,266.846,350.880,32.613,-313.939,-525.520,-1080.947,-1659.222,-2618.130,-3164.006,-3927.424,-4322.738,-4765.943,-5253.078,-5677.247,-6494.554,-6580.655,-7552.689,-8036.553,-8333.628,-8311.215,-8687.230,-9044.300,-9209.639,-9551.490,-8931.804,-8828.160,-7762.063,-7301.477,-6639.739,-5823.476,-5892.229,-5351.258,-5050.059,-4547.033,-4260.758,-3888.378,-3417.327,-2933.710,-2848.675,-2638.299,-2452.540,-2024.799,-1482.785,-1681.327,-1504.075,-1281.850,-1160.424,-1237.897,-893.849,-920.485,-775.333,-882.114,-625.810,-580.209,-309.260,259.586,367.759,209.321,309.162,328.997,103.808,177.815,475.632,388.872,412.512,154.258,58.209,177.441,-283.397,122.019,367.746,-53.743,67.884,244.474,-137.376,-384.410,-698.397,-305.996,-421.841,176.832,44.244,-7.022
1557.487,1921.777,1752.521,1581.819,1488.554,1463.622,1278.661,760.419,753.961,403.541,-33.316,-212.526,-710.260,-973.033,-1781.043,-2122.862,-2644.183,-2915.792,-3127.439,-3334.244,-3566.237,-4106.078,-3998.805,-4546.894,-4842.376,-4869.799,-4751.025,-4989.429,-5010.443,-5030.875,-5231.440,-4530.238,-4627.459,-3790.598,-3571.578,-3189.229,-2803.193,-2996.410,-2941.702,-2845.128,-2583.979,-2599.413,-2361.231,-2147.457,-1791.128,-1982.097,-1991.775,-1851.676,-1653.548,-1160.691,-1434.911,-1259.988,-995.231,-838.479,-913.652,-594.381,-546.683,-459.284,-410.220,-136.216,-309.240,-72.990,148.196,305.384,174.639,334.154,444.736,111.766,130.707,307.532,404.499,322.838,167.406,-196.061,51.090,-401.447,-53.557,247.945,10.719,213.015,687.544,284.260,81.954,-372.610,-51.346,-124.090,489.832,409.351,369.887
1885.599,2236.092,2189.293,1876.633,1794.554,1719.062,1502.305,1114.701,1002.885,713.644,304.605,154.887,-223.146,-231.110,-784.552,-962.350,-1220.013,-1360.046,-1427.252,-1384.701,-1459.318,-1773.484,-1563.240,-1680.715,-1824.667,-1615.025,-1391.155,-1446.561,-1193.895,-1186.021,-1217.880,-617.048,-808.023,-288.638,-294.934,-186.216,-197.659,-394.013,-790.898,-805.064,-706.618,-956.085,-885.883,-897.108,-605.537,-977.066,-1174.714,-1120.441,-1159.025,-673.342,-927.023,-778.858,-471.754,-368.932,-408.856,-183.709,-48.819,-65.777,117.426,343.726,-57.442,82.590,-7.441,188.309,70.875,228.664,337.264,-1.843,-60.746,-50.261,152.391,-10.486,-9.210,-488.472,-111.825,-489.186,-301.436,113.990,112.501,333.978,1067.782,772.865,645.021,233.265,444.406,484.741,1006.943,1017.775,1013.938
1751.543,2087.504,2210.333,1845.748,1838.767,1655.057,1409.020,1188.073,988.509,819.433,554.529,365.453,55.899,100.492,-278.143,-466.896,-594.090,-686.253,-821.941,-729.053,-825.922,-1115.220,-975.226,-888.887,-1033.223,-775.947,-551.848,-529.585,-218.831,-388.599,-331.032,17.970,-55.967,215.485,170.848,175.907,-1.438,-23.708,-603.643,-542.960,-383.586,-656.930,-658.507,-684.641,-292.912,-634.734,-864.835,-795.669,-926.146,-345.310,-426.627,-322.328,10.934,-12.627,4.878,120.155,330.108,199.383,469.120,612.202,64.040,62.066,-201.037,17.560,-86.114,18.748,54.594,-204.624,-309.353,-488.223,-270.756,-485.459,-343.003,-743.647,-268.115,-541.213,-537.190,-8.762,206.132,370.404,1229.302,1150.945,1081.740,889.446,985.221,1182.922,1537.937,1643.651,1727.154
1252.148,1597.759,1864.761,1534.763,1634.553,1317.870,1060.335,961.231,721.609,671.975,608.517,264.187,-132.911,-321.347,-763.014,-1210.929,-1455.780,-1677.348,-2141.381,-2299.602,-2684.475,-3224.034,-3352.466,-3439.466,-3790.361,-3781.631,-3754.833,-3889.252,-3827.617,-4397.964,-4419.690,-4381.984,-4095.437,-3853.602,-3638.454,-3457.552,-3450.431,-3113.250,-3466.085,-3122.803,-2610.238,-2622.693,-2495.448,-2229.453,-1520.955,-1577.445,-1594.013,-1289.608,-1255.128,-449.089,-195.026,-123.748,212.239,36.972,110.917,153.932,402.664,181.698,489.253,541.463,-15.793,-161.817,-411.419,-191.016,-267.880,-240.740,-295.015,-427.688,-510.528,-865.075,-695.025,-936.697,-732.507,-908.632,-383.042,-573.940,-683.756,-117.350,242.001,297.613,1094.280,1269.936,1214.262,1332.722,1337.750,1694.186,1864.192,2019.346,2243.480
635.846,1015.188,1337.321,1090.154,1272.287,854.687,623.028,557.236,340.312,351.112,458.730,-153.473,-831.653,-1518.660,-2309.432,-3227.981,-3853.265,-4422.467,-5408.783,-6098.275,-7008.928,-8027.380,-8569.719,-9194.431,-9918.117,-10452.542,-10831.528,-11385.247,-11854.078,-12966.488,-13258.322,-13475.926,-12652.006,-12156.935,-11396.292,-10766.525,-10245.148,-9420.283,-9158.894,-8391.916,-7293.197,-6795.892,-6322.708,-5499.921,-4300.912,-3870.310,-3430.717,-2649.021,-2182.817,-1055.431,-360.519,-279.951,36.735,-258.040,-154.613,-118.004,115.563,-153.617,156.869,129.617,-302.407,-539.657,-617.492,-418.846,-455.348,-501.385,-610.184,-615.272,-612.403,-1080.228,-969.657,-1215.939,-1059.541,-975.857,-454.255,-620.072,-713.850,-231.349,183.039,129.760,690.340,1067.201,984.097,1378.756,1338.343,1807.345,1838.917,1962.818,2352.443
189.976,603.560,861.981,694.686,883.891,453.923,296.902,185.958,48.460,32.285,207.069,-720.524,-1811.049,-3129.504,-4453.957,-5906.551,-7067.614,-8148.446,-9683.434,-11030.894,-12554.571,-14117.119,-15098.442,-16438.672,-17574.368,-18815.640,-19710.530,-20835.931,-21962.990,-23593.968,-24276.984,-24604.405,-23221.154,-22255.615,-20814.206,-19598.051,-18396.423,-17074.559,-16004.504,-14812.613,-13079.634,-11969.812,-11030.263,-9565.248,-7845.540,-6871.350,-5853.874,-4464.459,-3414.165,-1969.075,-849.432,-706.271,-423.934,-761.428,-671.688,-584.321,-425.232,-698.395,-406.820,-490.031,-724.197,-959.876,-802.572,-645.684,-642.815,-738.082,-843.154,-754.852,-644.781,-1117.771,-1034.032,-1256.019,-1242.668,-980.108,-514.460,-710.538,-664.858,-377.932,18.187,-94.976,132.802,586.240,470.310,995.325,964.464,1462.517,1449.584,1461.880,1995.261
105.512,521.275,612.733,483.414,589.435,263.221,221.209,38.778,13.731,-99.457,14.392,-1165.692,-2649.954,-4522.383,-6341.126,-8181.590,-9834.416,-11437.689,-13333.429,-15229.271,-17226.855,-19175.186,-20469.417,-22410.417,-23829.555,-25712.364,-27049.649,-28677.375,-30354.992,-32286.381,-33336.329,-33602.356,-31832.371,-30365.884,-28350.730,-26630.269,-24833.997,-23158.456,-21380.172,-19928.982,-17762.163,-16146.920,-14802.924,-12861.598,-10794.151,-9410.881,-7901.379,-5991.035,-4411.378,-2790.495,-1410.484,-1176.490,-934.783,-1223.256,-1188.472,-1032.261,-995.724,-1237.971,-985.334,-1090.834,-1144.167,-1282.510,-946.788,-840.205,-821.953,-939.024,-1000.885,-868.866,-688.694,-1039.079,-930.761,-1086.989,-1264.268,-970.839,-608.062,-851.194,-615.867,-568.842,-230.850,-334.760,-426.148,-45.675,-153.696,305.475,337.253,765.992,813.615,674.418,1286.053
385.422,748.936,625.228,482.027,450.494,325.267,407.275,188.429,278.404,55.335,15.331,-1238.683,-2915.849,-5046.687,-7061.140,-8953.995,-10836.241,-12766.419,-14652.803,-16758.166,-18873.968,-20854.558,-22204.720,-24352.317,-25784.666,-27993.954,-29501.187,-31313.682,-33203.934,-35065.997,-36291.699,-36371.836,-34552.414,-32796.070,-30557.369,-28632.418,-26572.950,-24826.567,-22724.199,-21312.726,-19126.408,-17310.360,-15820.548,-13792.228,-11736.547,-10247.427,-8548.757,-6444.052,-4613.968,-3084.509,-1726.322,-1429.675,-1227.023,-1393.311,-1435.482,-1240.426,-1346.422,-1536.791,-1350.685,-1435.124,-1399.097,-1384.216,-1017.563,-952.111,-960.434,-1081.097,-1106.741,-976.654,-807.036,-932.317,-760.313,-802.129,-1161.584,-976.654,-755.244,-1008.602,-639.651,-783.254,-513.125,-558.279,-856.899,-670.234,-701.371,-476.067,-342.982,-68.377,113.818,-152.172,450.626
844.172,1102.358,788.930,600.172,452.349,564.105,733.851,548.715,731.598,456.110,244.386,-832.026,-2363.059,-4311.524,-6040.776,-7560.875,-9260.288,-11143.989,-12573.895,-14421.268,-16182.646,-17757.925,-18843.288,-20655.776,-21775.168,-23821.517,-25098.987,-26612.020,-28244.682,-29621.274,-30713.368,-30577.998,-29117.690,-27479.625,-25512.702,-23808.227,-21962.528,-20503.442,-18621.186,-17596.763,-15891.953,-14289.210,-13038.858,-11415.644,-9820.099,-8609.914,-7159.444,-5346.000,-3696.272,-2582.370,-1563.525,-1294.384,-1123.462,-1137.390,-1251.352,-1079.244,-1308.633,-1439.583,-1351.971,-1368.037,-1358.954,-1202.384,-971.714,-919.921,-996.421,-1114.744,-1154.954,-1056.587,-983.024,-852.278,-610.262,-499.468,-993.409,-984.312,-927.270,-1117.352,-758.023,-969.202,-763.497,-748.070,-1095.517,-1157.337,-1052.283,-1138.845,-893.210,-818.229,-489.263,-797.790,-281.949
1201.809,1327.280,914.344,685.112,522.878,829.227,1010.046,918.281,1160.823,938.389,613.667,-38.717,-1054.802,-2368.156,-3314.281,-4089.047,-5177.554,-6575.230,-7168.242,-8319.211,-9291.949,-10092.343,-10621.676,-11607.394,-12144.473,-13515.915,-14172.962,-14899.946,-15828.697,-16387.497,-17022.960,-16740.405,-15993.126,-14943.454,-13725.953,-12643.506,-11475.816,-10637.161,-9490.760,-9141.162,-8333.012,-7334.645,-6705.954,-5916.276,-5170.273,-4582.234,-3803.923,-2768.562,-1743.577,-1322.834,-891.408,-772.400,-622.705,-504.495,-662.953,-574.732,-869.689,-944.643,-974.538,-885.461,-986.211,-763.785,-775.253,-699.035,-861.396,-976.949,-1094.137,-1039.594,-1110.277,-788.369,-504.304,-235.000,-805.718,-946.250,-1051.780,-1110.085,-927.392,-1066.138,-925.542,-896.055,-1155.474,-1446.230,-1192.752,-1558.069,-1226.344,-1342.118,-921.231,-1161.644,-777.080
1228.068,1230.960,841.145,609.192,577.241,974.630,1074.869,1087.508,1358.642,1293.383,955.314,883.481,649.556,287.850,450.049,611.524,428.147,-134.192,292.090,94.399,154.246,298.459,497.835,599.729,762.185,425.346,623.254,988.466,1032.760,1433.423,1471.955,1776.465,1624.959,1729.787,1902.491,2129.654,2324.524,2339.489,2441.979,1980.777,1711.237,1864.635,1629.592,1367.620,1075.368,854.333,705.394,647.251,741.497,338.307,88.364,-42.996,95.942,285.710,117.869,93.852,-184.166,-214.920,-346.507,-145.410,-367.857,-184.923,-432.995,-298.579,-524.201,-631.146,-855.924,-845.037,-1047.248,-679.808,-400.579,-12.309,-615.973,-813.007,-1048.771,-956.476,-1063.320,-1037.776,-973.207,-997.826,-1107.463,-1553.404,-1201.762,-1725.493,-1373.704,-1618.131,-1203.002,-1284.513,-1032.731
864.523,785.387,530.739,345.191,564.143,931.489,881.777,952.410,1229.828,1370.744,1106.831,1623.962,2237.142,2898.726,4185.631,5227.627,6002.825,6398.176,7757.967,8503.521,9561.453,10562.075,11488.987,12619.590,13406.667,14181.111,15216.804,16674.550,17694.992,18962.715,19702.885,19910.479,18902.507,17964.386,17080.224,16469.622,15663.049,14852.288,13911.081,12698.200,11466.890,10759.795,9646.934,8395.841,7154.506,6157.112,5093.242,3913.673,3016.227,1861.480,1019.279,614.333,748.820,930.900,781.306,663.454,485.469,481.901,310.257,586.812,301.224,361.220,-8.896,196.137,-31.121,-111.129,-412.888,-440.396,-707.615,-466.877,-236.145,191.998,-420.724,-570.671,-877.841,-688.547,-1089.252,-895.982,-920.147,-1050.211,-1039.321,-1547.397,-1193.283,-1721.615,-1443.632,-1719.442,-1406.210,-1295.652,-1143.694
261.190,148.636,93.423,-12.009,488.917,736.604,523.151,573.796,842.459,1151.628,994.437,1953.231,3248.711,4733.236,6828.574,8472.761,9997.583,11190.697,13149.176,14576.897,16331.168,17880.423,19357.188,21175.037,22350.702,23996.643,25599.798,27830.791,29574.765,31418.219,32685.738,32738.069,31128.525,29359.099,27686.993,26494.350,24926.206,23496.834,21806.259,20074.874,18246.353,16883.576,15109.953,13182.665,11336.936,9803.074,8103.324,6073.139,4388.019,2743.795,1542.524,943.121,1070.992,1172.171,1052.667,895.472,875.438,881.887,765.954,1041.614,785.918,704.852,381.689,636.858,487.290,462.885,173.272,113.484,-132.157,-143.968,14.934,390.320,-215.205,-258.965,-567.866,-393.834,-979.824,-699.219,-809.858,-1051.873,-1014.113,-1504.744,-1246.685,-1650.676,-1542.414,-1747.649,-1585.780,-1319.299,-1218.910
-294.510,-409.557,-266.589,-291.938,401.655,502.731,180.668,148.051,394.788,754.738,670.556,1815.416,3456.643,5358.726,7715.169,9562.404,11438.215,13042.357,15120.439,16826.613,18814.910,20502.219,22226.328,24249.907,25506.176,27547.439,29290.365,31761.586,33823.009,35850.413,37334.715,37253.789,35425.117,33278.860,31265.698,29884.378,27973.052,26277.560,24307.961,22388.484,20437.577,18765.273,16698.343,14543.656,12576.900,10869.467,8978.737,6569.735,4492.612,2728.863,1456.216,822.809,931.037,904.144,812.542,677.222,830.469,836.493,871.910,1055.803,907.229,745.360,613.067,865.650,857.187,916.385,751.137,666.177,506.278,221.637,310.507,563.008,-7.179,43.824,-208.613,-174.675,-772.425,-522.698,-689.279,-1003.468,-1042.960,-1468.472,-1361.021,-1576.492,-1702.754,-1764.542,-1731.962,-1395.777,-1303.131
-523.949,-643.496,-361.789,-341.354,358.117,348.540,26.991,-96.933,113.774,373.123,286.122,1338.214,2936.742,4783.499,6810.964,8479.200,10256.398,11805.106,13534.384,15126.116,16885.691,18342.866,19976.636,21767.283,22835.666,24724.250,26176.420,28325.043,30293.239,32135.576,33505.419,33372.133,31710.936,29724.547,27834.854,26650.077,24846.914,23267.124,21494.050,19710.575,18052.109,16437.994,14466.692,12518.436,10885.997,9366.706,7735.707,5455.417,3437.456,1911.296,808.162,320.416,387.179,221.814,150.553,73.387,370.602,378.429,617.701,643.961,626.619,496.608,608.501,788.554,937.799,1094.001,1137.882,1038.245,976.644,520.187,558.895,670.014,186.141,262.695,94.266,-92.481,-540.217,-414.688,-578.723,-904.770,-1081.923,-1428.027,-1455.424,-1492.941,-1859.560,-1759.948,-1771.016,-1461.307,-1349.096
-306.073,-461.192,-130.301,-115.071,376.805,327.922,130.862,-26.039,137.590,175.566,13.051,760.670,2008.586,3416.524,4682.399,5926.716,7255.439,8379.891,9452.643,10681.289,11899.935,12915.591,14184.460,15491.290,16232.530,17534.348,18412.225,19834.259,21426.954,22840.451,23860.017,23765.312,22544.938,21147.683,19710.993,18968.199,17612.066,16432.758,15181.950,13760.047,12615.879,11335.643,9746.956,8295.066,7273.683,6185.927,5117.064,3343.805,1746.568,688.948,-121.445,-341.113,-338.770,-615.863,-671.075,-694.849,-313.836,-288.767,133.368,-2.477,76.763,88.917,387.538,432.998,696.711,939.808,1210.714,1111.147,1107.490,662.701,676.928,686.741,354.824,370.566,276.517,-128.024,-343.900,-364.026,-455.552,-750.259,-1052.735,-1328.848,-1413.930,-1341.484,-1886.052,-1670.178,-1614.012,-1395.750,-1255.244
248.164,19.025,315.951,285.216,418.313,398.506,416.822,325.488,443.474,224.157,-41.799,318.283,1079.958,1872.178,2234.409,3005.259,3740.594,4300.856,4660.408,5481.594,6082.276,6643.184,7410.190,8220.679,8658.753,9188.981,9440.738,10011.110,11139.979,12053.807,12650.932,12646.241,11956.156,11328.039,10452.338,10190.214,9414.612,8735.489,8100.587,7118.491,6471.883,5642.592,4550.983,3678.998,3291.571,2694.171,2253.999,1136.236,132.144,-414.191,-940.512,-881.765,-956.536,-1290.075,-1327.645,-1334.949,-937.926,-874.897,-364.391,-591.680,-482.749,-278.837,71.745,-46.009,241.563,539.269,980.614,896.838,884.018,638.172,650.152,636.907,511.394,407.614,350.868,-183.732,-193.232,-300.442,-263.890,-528.243,-878.652,-1105.930,-1150.899,-1061.631,-1669.779,-1432.016,-1223.976,-1108.351,-944.768
837.563,517.341,733.436,648.909,401.081,447.240,702.233,764.265,858.873,449.829,113.554,142.236,471.408,712.037,335.262,758.228,982.273,1096.280,934.481,1476.320,1607.038,1858.494,2150.759,2636.405,2926.298,2784.428,2578.571,2460.307,3210.507,3709.505,3970.741,4043.179,3787.253,3820.593,3399.316,3468.578,3190.518,2911.597,2767.575,2164.477,1812.145,1391.150,741.952,345.423,387.973,162.822,191.479,-355.639,-804.306,-972.720,-1314.296,-1084.613,-1228.677,-1549.808,-1566.847,-1597.558,-1237.503,-1125.575,-660.546,-853.466,-772.468,-421.447,-162.387,-423.534,-216.304,92.570,601.187,543.036,466.017,526.782,553.730,594.579,688.503,460.279,397.495,-132.630,-44.002,-132.279,50.776,-228.148,-521.605,-724.787,-663.473,-642.927,-1185.996,-1037.497,-659.730,-609.954,-436.938
1112.741,726.577,862.829,756.279,247.061,358.752,792.975,1036.292,1150.112,696.000,366.871,217.854,299.491,235.888,-509.345,-216.793,-259.130,-298.225,-634.549,-171.551,-231.636,-79.054,-98.867,294.930,640.888,137.783,-233.191,-685.737,-141.689,116.285,217.481,301.059,260.631,635.355,434.656,587.329,574.163,460.042,555.011,187.103,-142.378,-302.384,-667.687,-800.202,-646.166,-719.651,-513.483,-724.615,-808.699,-830.577,-1106.767,-883.383,-1065.242,-1309.566,-1309.465,-1373.610,-1076.209,-929.794,-628.604,-655.424,-618.717,-250.323,-166.621,-505.758,-456.125,-176.022,298.382,263.097,109.402,456.036,514.949,646.517,914.829,608.322,511.656,108.242,165.642,195.591,498.378,144.660,-6.399,-209.991,-44.647,-147.620,-526.881,-555.454,-67.036,-27.840,134.933
850.859,467.177,562.172,491.191,-67.177,87.717,587.289,959.108,1142.029,804.236,564.278,414.688,463.267,403.927,-302.421,61.967,41.876,165.683,9.492,550.799,576.934,807.018,702.748,1172.139,1732.533,1246.088,991.943,595.509,1088.646,1284.570,1394.282,1409.292,1343.122,1677.470,1458.188,1464.568,1445.692,1240.591,1319.155,1036.054,518.155,447.704,194.346,110.819,88.797,-48.792,46.428,-88.089,-47.815,-144.007,-431.114,-380.406,-552.605,-677.348,-673.648,-734.869,-499.733,-365.384,-280.346,-62.151,-40.132,180.688,99.164,-227.628,-356.704,-131.392,251.944,222.311,28.239,521.682,634.539,833.084,1181.737,868.726,737.014,519.099,460.866,655.072,1016.660,554.067,577.978,352.729,549.686,309.487,131.298,-105.902,382.579,448.196,574.538
76.407,-214.331,-110.685,-91.565,-483.509,-306.536,132.081,518.548,805.919,694.706,589.248,564.976,727.265,908.649,522.455,1059.947,1272.102,1748.604,1993.178,2650.966,2922.992,3311.040,3330.436,3904.761,4723.578,4546.604,4568.078,4507.430,5014.548,5266.014,5468.831,5367.375,5108.308,5116.654,4735.290,4478.169,4254.311,3797.421,3701.777,3410.130,2635.941,2528.679,2274.847,2104.026,1764.158,1445.193,1258.660,1025.833,1004.636,715.567,410.752,209.055,92.458,96.600,84.521,97.356,284.881,337.404,242.063,689.707,748.779,690.920,533.320,303.610,35.840,195.457,490.999,440.983,270.918,719.408,912.279,1104.167,1423.722,1170.114,1024.262,968.653,792.551,1128.085,1478.473,929.571,1102.037,842.795,963.889,613.338,607.488,198.911,574.437,660.836,718.578
-934.256,-1054.954,-911.301,-781.724,-877.798,-684.494,-399.135,-121.933,270.339,399.151,415.647,546.784,851.103,1348.876,1348.704,2027.702,2527.460,3343.362,3995.475,4685.818,5194.781,5722.003,5987.614,6567.281,7559.249,7801.722,8089.956,8452.622,8936.265,9272.460,9546.117,9339.663,8851.471,8442.581,7890.839,7400.651,6909.072,6199.477,5910.737,5600.309,4653.978,4459.935,4179.624,3896.431,3280.284,2802.183,2330.699,1959.086,1807.434,1346.056,1068.424,656.802,619.548,726.002,684.316,840.928,995.070,897.273,727.849,1291.093,1424.337,1047.417,928.231,846.716,520.783,611.849,864.417,770.849,681.337,931.258,1224.818,1323.025,1531.734,1376.681,1242.828,1266.142,1043.600,1449.031,1736.514,1181.563,1437.315,1148.471,1105.952,704.624,800.623,313.297,509.961,569.673,526.464
-1770.663,-1691.798,-1515.323,-1307.794,-1113.912,-898.388,-795.721,-705.027,-249.506,31.793,108.990,331.742,700.872,1419.404,1670.906,2356.558,3042.049,4008.032,4873.643,5454.456,6050.830,6644.256,7168.684,7601.267,8593.789,9173.351,9587.921,10276.678,10643.010,11019.995,11271.340,11026.579,10402.085,9682.515,9056.875,8479.644,7795.431,6978.811,6591.417,6317.383,5375.461,5108.705,4839.812,4508.762,3792.417,3290.243,2669.988,2233.148,2000.582,1496.299,1296.144,818.439,847.642,1003.027,935.456,1261.512,1386.475,1102.281,986.487,1491.729,1694.927,1067.714,1064.230,1134.237,835.691,854.401,1109.900,964.840,972.835,981.745,1376.728,1325.769,1400.679,1353.594,1244.329,1252.076,1081.503,1479.234,1687.663,1233.639,1501.250,1209.120,981.924,609.126,735.314,282.745,308.618,277.817,113.247
-2073.869,-1831.012,-1668.841,-1465.215,-1110.587,-872.741,-919.496,-1012.261,-564.856,-281.653,-220.135,-19.470,294.423,1032.652,1303.808,1830.793,2508.209,3370.129,4151.766,4515.095,4996.364,5590.014,6298.124,6475.366,7286.094,7999.652,8360.596,9173.213,9344.719,9687.996,9823.180,9629.385,9035.418,8227.951,7653.760,7172.848,6454.512,5740.146,5391.975,5227.025,4466.303,4163.916,3956.715,3675.233,3064.436,2706.907,2128.678,1745.309,1549.168,1161.241,1048.902,683.810,729.690,872.598,804.962,1256.638,1346.076,895.339,925.095,1204.968,1432.717,704.567,818.523,1000.502,786.796,725.141,992.270,809.417,881.363,738.205,1203.870,1010.753,990.401,1041.326,946.009,882.433,831.351,1176.990,1326.152,1059.018,1288.466,1037.876,686.908,424.506,544.114,219.137,148.756,-16.048,-295.921
-1701.296,-1387.364,-1309.102,-1214.653,-886.468,-648.525,-775.801,-974.943,-608.081,-474.278,-480.373,-402.006,-229.862,328.199,424.257,678.098,1160.830,1734.950,2168.803,2310.343,2523.930,3100.112,3882.695,3806.192,4320.783,4955.352,5143.184,5879.645,5853.028,6103.567,6092.184,6017.671,5613.616,4938.035,4491.251,4241.478,3651.109,3200.515,2997.305,2979.660,2498.188,2177.002,2045.132,1882.955,1506.238,1402.462,1014.261,771.714,723.498,553.280,481.319,362.282,354.017,437.489,410.261,882.361,926.290,387.706,580.966,539.892,733.296,72.106,234.438,466.802,351.623,203.842,440.421,251.335,318.376,201.089,674.927,410.253,366.823,498.631,388.387,261.226,328.794,626.472,757.428,702.660,875.665,715.493,359.145,271.540,395.410,239.023,176.645,-116.866,-470.012
-791.576,-526.056,-595.381,-700.234,-557.753,-364.720,-507.549,-704.052,-458.861,-567.117,-643.470,-721.721,-693.942,-419.255,-554.144,-582.657,-387.184,-124.327,-152.853,-124.160,-210.144,379.858,1150.965,934.526,1150.697,1578.775,1594.815,2141.746,2000.770,2143.453,2042.027,2101.913,1968.136,1543.982,1210.388,1222.473,857.874,699.831,669.228,772.427,557.492,192.618,92.590,55.675,-93.546,42.676,-115.754,-207.289,-62.813,-26.138,-143.279,15.484,-112.454,-103.423,-52.287,314.757,308.246,-202.939,95.936,-252.964,-127.066,-601.344,-487.195,-261.069,-300.664,-524.790,-392.368,-551.317,-560.434,-469.639,-67.385,-299.397,-304.394,-111.690,-267.287,-398.632,-279.373,8.336,162.520,274.960,397.122,359.002,120.554,235.521,404.798,398.442,430.971,67.544,-283.466
301.220,414.060,166.412,-177.272,-286.198,-184.960,-314.791,-423.105,-289.348,-641.660,-743.679,-929.911,-964.533,-939.271,-1199.389,-1408.113,-1461.437,-1372.144,-1784.894,-1701.666,-1989.389,-1340.987,-610.366,-798.951,-778.629,-560.510,-598.815,-239.233,-360.514,-295.547,-371.978,-221.460,-114.991,-300.987,-611.557,-415.247,-548.798,-535.036,-443.606,-305.432,-354.596,-819.338,-971.779,-939.397,-987.646,-751.497,-756.692,-761.661,-468.957,-344.272,-584.410,-226.190,-508.342,-552.065,-405.705,-233.961,-286.190,-658.466,-354.281,-896.506,-818.425,-1074.132,-1075.052,-885.308,-885.602,-1149.288,-1183.558,-1287.446,-1412.962,-1014.238,-754.929,-863.221,-816.398,-590.532,-804.733,-869.057,-791.901,-475.387,-272.588,-84.131,-0.459,79.557,31.799,328.397,576.606,660.471,822.704,479.078,221.793
1171.058,1078.450,669.193,115.138,-201.010,-207.600,-342.394,-340.246,-259.792,-773.825,-836.189,-1024.385,-1000.996,-1083.896,-1263.725,-1481.135,-1639.421,-1509.484,-2080.751,-1806.615,-2120.574,-1403.053,-688.943,-712.993,-733.672,-633.058,-554.649,-294.010,-275.978,-234.653,-175.797,-15.331,211.404,156.146,-239.987,-1.873,26.275,1.248,123.636,188.113,174.681,-442.765,-731.059,-713.288,-831.670,-703.701,-702.080,-717.583,-388.754,-344.387,-731.225,-321.915,-748.213,-797.426,-570.234,-606.526,-692.125,-859.415,-642.105,-1209.339,-1109.013,-1199.759,-1313.021,-1155.531,-1141.303,-1380.809,-1590.781,-1637.181,-1871.087,-1194.676,-1114.363,-1061.952,-1008.169,-791.116,-1049.846,-1008.590,-1040.329,-685.534,-429.836,-256.544,-206.272,-52.427,80.952,490.642,806.339,914.228,1181.407,938.770,855.368
1541.528,1258.955,749.060,72.923,-332.859,-407.956,-596.050,-528.783,-422.757,-970.385,-942.951,-1024.994,-851.214,-874.627,-779.868,-834.752,-920.948,-582.392,-1048.319,-553.973,-725.537,9.978,748.650,928.391,1001.682,1101.787,1435.209,1708.388,1913.350,1979.191,2216.295,2306.219,2503.914,2457.996,1916.876,2056.824,2151.125,1893.310,1965.434,1873.579,1798.419,1017.292,553.559,490.532,180.227,17.118,-117.017,-219.088,17.432,-153.200,-635.433,-327.229,-847.482,-852.517,-586.218,-759.289,-864.807,-831.140,-742.692,-1179.341,-969.307,-991.813,-1143.240,-986.966,-959.520,-1100.266,-1422.631,-1431.159,-1723.665,-917.194,-1000.089,-819.433,-838.160,-683.698,-949.469,-820.543,-962.224,-597.736,-299.685,-190.010,-178.108,-21.565,207.023,630.510,942.541,1036.060,1344.046,1237.942,1368.865
1379.110,981.679,457.972,-222.567,-593.829,-645.475,-932.428,-881.349,-689.085,-1148.118,-1021.993,-945.564,-608.380,-466.772,-17.550,194.044,307.862,881.837,703.586,1318.729,1375.957,2026.550,2802.207,3113.499,3337.539,3506.215,4132.783,4492.507,4839.316,4949.364,5313.083,5285.764,5347.193,5249.071,4593.405,4556.426,4645.753,4077.636,4063.291,3795.367,3628.752,2735.327,2122.216,1963.160,1452.356,925.598,581.747,373.371,428.122,7.894,-460.579,-349.792,-893.755,-828.012,-575.767,-764.663,-881.520,-717.316,-735.600,-955.861,-577.852,-613.927,-694.192,-498.508,-442.847,-427.188,-742.671,-742.492,-1027.349,-290.364,-470.643,-246.632,-406.079,-363.183,-590.561,-438.439,-622.383,-297.690,28.758,85.939,52.560,141.443,342.515,678.573,874.955,960.188,1239.891,1243.948,1572.208
887.405,480.112,29.944,-547.945,-815.183,-734.477,-1130.366,-1163.787,-875.047,-1171.657,-982.315,-782.854,-358.577,-59.063,665.280,1143.129,1481.994,2159.764,2297.266,2850.538,3109.174,3564.859,4332.585,4634.723,4969.209,5192.455,6032.455,6486.587,6862.964,7002.986,7370.513,7228.229,7136.786,7012.338,6354.523,6148.233,6212.443,5415.820,5327.771,4934.376,4710.170,3808.502,3128.019,2913.444,2309.585,1494.472,963.236,685.054,542.496,-44.192,-379.863,-479.887,-982.996,-859.040,-666.344,-759.416,-884.890,-696.402,-753.621,-766.359,-225.848,-298.797,-217.890,48.817,142.879,328.561,150.346,139.011,-85.675,416.285,233.936,404.133,91.173,3.836,-150.002,-48.152,-171.673,74.485,420.395,478.809,402.846,383.694,451.043,627.821,601.688,720.236,927.279,966.223,1418.028
391.163,70.166,-241.026,-652.917,-826.291,-542.843,-1007.140,-1141.471,-805.766,-931.764,-738.792,-529.034,-147.698,202.264,996.845,1642.678,2126.764,2687.000,3021.047,3336.739,3679.675,3879.236,4542.881,4702.008,5036.597,5234.865,6127.796,6630.108,6913.492,7047.033,7286.590,7073.261,6906.002,6838.436,6320.247,6022.745,6084.046,5263.420,5139.010,4716.461,4497.198,3707.635,3062.886,2864.650,2333.904,1425.984,808.443,521.809,242.371,-348.707,-478.395,-732.895,-1155.369,-1023.522,-916.309,-865.318,-997.819,-883.705,-904.743,-798.644,-167.247,-234.590,34.204,382.378,498.914,812.325,860.611,841.110,695.504,896.823,805.476,855.334,449.925,264.411,197.551,210.317,233.238,398.668,760.277,876.429,776.076,654.820,540.687,537.842,238.841,438.053,563.473,549.434,1013.992
172.011,-8.314,-149.675,-389.072,-537.254,-67.289,-519.649,-711.632,-419.088,-420.755,-276.081,-196.722,20.013,279.688,907.422,1568.538,2060.534,2309.947,2653.248,2651.806,2936.557,2903.849,3356.062,3312.605,3525.062,3609.735,4384.867,4874.448,4990.270,5079.229,5118.422,4897.047,4781.130,4844.678,4566.945,4281.772,4369.615,3753.522,3620.311,3266.792,3100.688,2513.795,1987.283,1869.006,1550.096,784.731,211.055,-39.795,-347.466,-777.200,-710.246,-1033.579,-1364.582,-1293.536,-1279.305,-1120.683,-1252.911,-1267.664,-1206.772,-1105.450,-488.235,-473.171,-64.635,352.069,442.052,797.200,1084.914,1086.295,1003.915,955.938,1015.705,934.123,552.550,352.154,364.227,308.522,505.373,627.405,998.516,1192.499,1097.070,920.538,648.118,501.147,-33.775,264.214,323.950,198.444,560.431
338.082,295.546,318.945,212.244,14.538,554.829,202.341,28.860,186.989,239.506,317.645,163.798,159.645,240.337,538.033,1067.996,1444.029,1321.923,1527.062,1267.603,1397.357,1237.209,1414.015,1208.196,1225.259,1160.231,1705.358,2147.405,2099.591,2122.364,1986.686,1814.880,1858.340,2056.797,2027.118,1833.057,1945.621,1674.558,1528.466,1302.292,1195.933,838.413,463.411,446.775,380.451,-64.128,-490.686,-706.395,-927.906,-1101.376,-929.832,-1250.074,-1496.865,-1544.277,-1623.707,-1455.593,-1571.259,-1711.300,-1568.446,-1576.562,-1060.763,-904.294,-454.125,1.100,-3.341,297.779,759.101,823.106,768.907,604.001,823.859,650.938,416.611,310.517,381.501,328.902,658.234,790.557,1152.802,1392.481,1330.411,1161.062,804.811,590.006,-63.594,300.524,313.519,74.530,248.013
788.510,830.074,984.017,951.292,676.370,1104.665,909.046,817.619,790.790,837.787,871.863,471.371,279.594,202.187,148.371,459.162,667.404,282.338,321.369,-24.498,-57.935,-203.742,-281.950,-537.132,-704.399,-871.065,-574.088,-169.632,-309.317,-350.461,-549.417,-634.249,-404.009,-156.681,-31.720,-112.102,-25.384,31.291,-159.171,-259.931,-340.706,-512.570,-756.160,-701.912,-592.796,-665.750,-906.052,-1130.550,-1184.340,-1115.336,-977.900,-1260.266,-1430.333,-1616.339,-1795.934,-1722.700,-1800.654,-2017.422,-1828.156,-1990.918,-1603.453,-1308.066,-917.925,-460.973,-616.015,-432.672,87.421,245.661,187.298,51.084,389.267,187.434,176.396,256.655,365.821,401.478,778.057,954.060,1272.264,1489.851,1476.911,1359.956,1006.207,812.452,193.897,544.950,515.145,215.930,168.389
1283.244,1329.107,1560.057,1553.734,1244.797,1382.798,1343.778,1347.270,1150.556,1166.106,1204.770,645.712,370.423,263.398,-22.336,63.529,142.229,-278.035,-303.767,-533.970,-654.464,-669.426,-892.915,-1073.973,-1335.298,-1487.245,-1372.979,-963.751,-1099.203,-1183.136,-1304.002,-1285.963,-945.844,-790.095,-664.068,-664.536,-687.062,-470.392,-736.684,-765.218,-870.061,-947.510,-1114.781,-1055.286,-926.874,-718.214,-802.370,-1094.107,-952.629,-748.195,-774.786,-1017.104,-1104.780,-1400.437,-1695.487,-1769.029,-1793.852,-2025.006,-1832.635,-2122.859,-1820.064,-1460.188,-1192.271,-767.552,-1085.710,-1021.594,-559.997,-307.585,-383.861,-397.670,-16.408,-199.213,7.614,308.112,439.654,616.468,957.000,1161.209,1388.314,1519.513,1554.851,1494.271,1202.656,1101.219,646.526,888.123,801.783,522.007,281.086
1575.791,1553.036,1797.288,1799.237,1551.969,1301.323,1360.282,1412.097,1122.866,1119.540,1210.460,648.204,414.543,451.624,129.780,56.523,104.335,-114.523,-38.679,-17.536,-111.154,46.988,-158.641,-194.408,-421.286,-428.886,-394.441,60.450,-2.196,-101.464,-45.171,77.928,373.442,314.362,297.315,314.182,108.715,247.876,-92.494,-121.347,-282.172,-363.691,-516.593,-516.583,-527.803,-221.589,-224.881,-618.227,-307.993,-109.721,-371.375,-580.121,-566.134,-902.123,-1325.071,-1514.460,-1487.658,-1689.348,-1517.210,-1851.424,-1547.291,-1239.191,-1097.735,-729.964,-1163.793,-1154.862,-829.520,-523.401,-610.231,-492.342,-150.648,-305.818,35.047,513.766,654.372,964.029,1228.123,1393.896,1484.526,1507.117,1579.308,1535.108,1318.605,1342.026,1104.429,1163.981,1003.399,806.950,448.910
1537.985,1409.681,1601.188,1621.306,1533.301,921.542,986.946,1007.140,735.366,751.741,916.746,507.979,407.593,715.989,535.866,404.170,519.637,634.215,939.567,1217.856,1239.572,1527.606,1495.075,1593.401,1511.803,1726.369,1765.903,2271.569,2289.656,2196.620,2435.778,2660.718,2745.396,2433.612,2203.497,2184.565,1778.585,1646.766,1284.274,1201.113,992.240,839.033,654.057,565.465,327.317,536.180,531.387,52.352,466.421,553.254,68.536,-97.022,38.420,-253.276,-792.337,-998.822,-942.941,-1107.028,-947.141,-1220.885,-839.030,-684.566,-628.296,-329.702,-781.557,-725.818,-554.537,-265.437,-344.174,-158.137,78.327,-80.285,270.714,826.420,958.853,1335.622,1540.410,1577.977,1504.846,1453.408,1551.783,1460.112,1290.559,1427.087,1367.676,1229.247,993.274,893.848,518.705
1214.888,995.101,1073.680,1131.065,1246.531,420.065,408.279,330.622,176.499,255.590,480.806,315.645,374.418,960.865,1005.587,906.593,1128.784,1545.797,2083.841,2495.912,2648.433,2968.822,3198.445,3354.228,3466.669,3888.120,3962.928,4474.577,4522.017,4445.191,4775.287,5095.557,4866.244,4375.236,3965.396,3895.143,3350.800,2889.089,2593.837,2446.360,2236.640,1993.881,1752.857,1597.137,1152.726,1139.071,1076.801,577.333,1013.533,967.036,344.831,256.569,514.985,337.270,-263.626,-373.823,-324.709,-473.985,-297.657,-424.713,54.245,20.934,45.930,276.928,-78.708,116.459,169.896,367.073,312.144,474.511,571.440,361.600,612.846,1130.151,1230.373,1585.246,1787.437,1629.283,1394.932,1341.788,1464.477,1270.591,1103.392,1306.850,1319.008,1031.874,749.186,700.993,403.017
787.694,537.444,458.911,556.915,836.535,2.608,-124.381,-310.260,-292.851,-124.083,120.778,184.242,365.975,1100.014,1333.849,1316.130,1597.350,2147.975,2775.775,3132.310,3349.531,3606.489,4092.879,4216.313,4495.656,5019.022,5102.097,5539.848,5538.657,5478.700,5754.465,6155.580,5621.133,5103.000,4630.928,4535.355,3979.089,3286.357,3145.679,2969.652,2823.646,2516.478,2210.471,2046.697,1507.529,1258.459,1124.937,691.972,1071.060,953.519,317.205,351.387,703.338,672.063,107.233,158.166,169.303,2.572,219.923,278.332,800.649,634.683,662.041,840.934,669.106,1040.866,1041.944,1099.157,1071.680,1141.843,1097.624,804.633,903.281,1304.801,1348.026,1613.869,1871.127,1511.281,1149.865,1161.740,1313.963,1001.517,804.684,1014.119,976.101,634.732,359.879,278.407,121.075
470.763,276.586,23.841,133.507,466.039,-189.856,-407.042,-642.191,-461.746,-204.170,14.633,195.496,435.938,1101.565,1405.300,1464.966,1690.017,2161.644,2648.031,2786.656,2954.043,3104.663,3761.732,3807.030,4170.195,4646.615,4682.152,4967.332,4857.986,4813.028,4906.072,5359.323,4640.568,4249.738,3860.053,3785.538,3357.370,2636.402,2688.709,2544.964,2513.649,2184.593,1807.704,1698.316,1208.226,812.106,631.259,333.972,592.487,506.860,-27.362,158.870,546.547,651.315,241.377,431.125,397.682,195.823,451.725,675.825,1140.074,962.188,990.544,1144.784,1184.221,1690.879,1704.975,1622.974,1615.646,1580.428,1417.183,1048.651,1010.611,1290.286,1264.683,1426.919,1761.437,1267.254,835.858,930.426,1113.406,715.517,487.884,649.161,478.846,184.081,-23.408,-220.626,-218.465
400.393,343.023,-66.015,-3.768,246.632,-136.536,-366.957,-546.938,-265.489,51.851,215.523,358.732,609.163,1001.364,1244.467,1338.713,1381.594,1630.854,1766.167,1627.486,1638.920,1713.081,2420.959,2416.166,2764.976,3066.473,3010.231,3103.951,2878.734,2850.117,2709.966,3171.626,2452.043,2264.593,2062.200,2041.721,1832.104,1287.385,1493.279,1436.288,1532.980,1212.930,757.606,731.315,398.334,-9.392,-193.904,-334.531,-235.827,-208.969,-568.034,-238.339,117.707,316.719,160.662,388.084,339.193,111.177,369.760,689.188,1001.089,938.453,940.957,1104.380,1313.853,1845.765,1916.866,1747.527,1751.570,1652.218,1402.860,1007.584,894.687,1115.177,1035.028,1130.752,1515.747,1004.473,567.982,695.853,894.006,480.892,251.552,334.131,20.066,-159.733,-262.625,-615.342,-479.384
572.492,696.591,183.640,131.010,201.205,69.901,-79.600,-104.282,189.739,518.774,625.649,604.225,860.417,879.768,990.252,1064.633,854.709,881.152,583.530,233.719,43.031,123.336,783.693,816.430,1078.056,1149.694,998.048,921.746,630.062,622.910,299.332,718.882,168.761,139.926,144.656,170.213,175.407,-85.487,163.962,215.560,409.694,101.280,-432.980,-400.633,-547.881,-852.517,-997.746,-1014.986,-1085.025,-935.890,-1105.374,-682.877,-408.620,-167.632,-32.574,105.426,100.451,-125.014,81.934,398.317,526.207,646.313,595.756,798.837,1088.275,1509.189,1652.192,1479.448,1495.033,1398.185,1095.952,742.784,620.359,875.674,783.532,870.071,1246.280,836.767,452.343,517.007,693.889,343.573,154.866,160.041,-244.246,-293.931,-296.067,-780.923,-568.901
856.470,1152.139,609.989,398.440,270.808,282.838,282.595,458.759,682.721,970.489,1041.942,815.228,1117.045,815.502,812.847,828.362,393.070,336.864,-299.690,-708.266,-1066.177,-891.524,-319.391,-152.498,-3.954,-127.991,-335.422,-508.097,-783.187,-764.620,-1147.443,-812.771,-1103.849,-1120.566,-978.285,-961.548,-842.251,-855.221,-699.376,-559.229,-329.407,-648.351,-1236.865,-1213.614,-1225.977,-1381.921,-1459.486,-1420.632,-1633.698,-1431.285,-1449.100,-1008.055,-827.341,-587.991,-209.188,-243.100,-136.573,-332.426,-221.677,-4.765,-4.196,267.018,159.242,417.257,686.262,887.348,1091.443,998.663,1038.331,997.741,671.821,417.462,317.077,679.668,631.794,743.484,1055.375,818.155,524.241,431.786,541.120,307.684,192.029,151.884,-260.678,-212.692,-158.584,-699.079,-480.625
1071.118,1474.198,978.214,613.508,356.425,378.637,538.145,881.480,982.901,1185.932,1251.338,882.818,1286.370,840.935,818.963,767.633,230.165,297.158,-444.400,-752.002,-1179.392,-863.761,-362.289,-14.712,37.772,-182.810,-386.580,-562.145,-742.070,-700.518,-1003.373,-775.337,-827.391,-1007.771,-851.086,-924.727,-846.564,-764.824,-805.885,-628.731,-432.698,-789.362,-1367.022,-1428.398,-1397.438,-1436.605,-1436.657,-1408.394,-1704.228,-1559.913,-1495.127,-1102.288,-984.388,-773.251,-273.186,-466.393,-202.275,-365.688,-360.634,-308.339,-309.773,-9.403,-149.131,154.589,331.685,274.848,511.438,549.110,630.891,661.351,338.129,201.435,109.715,589.527,628.643,747.850,977.944,907.720,719.351,432.676,441.588,335.808,298.616,266.870,-90.086,1.956,47.101,-454.647,-289.952
1077.773,1489.550,1091.992,636.777,370.808,310.224,575.475,987.095,953.160,1048.596,1129.290,756.072,1294.968,921.517,994.564,899.494,431.759,786.289,210.318,93.506,-289.501,150.831,625.928,1115.783,1109.602,907.742,752.104,647.052,603.835,656.182,524.837,649.692,728.158,269.002,319.860,84.822,-19.304,-30.974,-289.059,-134.913,-27.605,-430.746,-893.315,-1079.482,-1084.051,-1085.479,-1013.178,-1031.331,-1323.980,-1330.109,-1257.193,-945.377,-833.352,-664.436,-199.998,-443.155,-20.536,-182.310,-249.822,-374.813,-241.860,-69.354,-201.217,112.868,178.194,-89.592,140.232,307.400,441.191,517.070,223.439,180.003,59.133,596.061,724.671,785.423,966.147,989.307,898.576,466.805,379.421,369.540,386.200,423.048,135.879,228.466,208.214,-185.261,-108.678
841.722,1161.714,875.937,432.109,274.476,113.224,387.630,749.189,602.125,593.574,694.637,463.053,1120.424,969.667,1212.948,1116.566,869.242,1550.184,1327.200,1383.014,1123.381,1624.268,2100.619,2618.983,2586.394,2486.928,2382.928,2374.219,2460.742,2506.376,2554.536,2597.226,2667.784,1937.918,1815.232,1394.900,1043.817,810.518,411.312,497.683,487.834,60.913,-167.700,-455.612,-523.209,-564.055,-433.614,-492.572,-690.171,-866.197,-843.389,-604.233,-444.460,-331.022,-37.571,-175.925,355.185,141.640,62.134,-193.520,153.570,82.645,-13.949,257.836,240.871,-125.556,53.020,299.472,475.141,551.268,315.685,315.230,142.326,636.157,806.420,730.447,925.634,937.817,917.309,462.737,329.346,359.328,386.688,540.591,286.676,365.124,255.905,-13.341,-26.119
434.771,595.156,395.459,67.896,82.080,-131.178,54.372,282.421,66.712,-16.122,96.673,93.930,800.251,886.767,1301.934,1250.443,1292.575,2194.312,2350.702,2469.950,2347.356,2837.745,3297.100,3705.551,3659.844,3689.985,3597.613,3661.194,3834.417,3859.960,4018.181,4002.116,3962.637,3097.323,2806.768,2242.561,1682.808,1218.953,819.280,822.241,692.861,291.097,387.786,80.791,-20.895,-136.199,33.500,-32.135,-64.474,-339.277,-395.651,-194.833,34.404,70.316,126.440,212.674,767.380,453.129,419.594,128.088,668.368,340.977,272.476,449.143,405.321,73.914,158.049,405.010,590.510,631.166,479.976,476.634,277.713,640.086,769.615,515.447,780.885,695.204,703.218,369.605,272.354,286.835,282.754,573.417,294.148,369.478,187.877,4.872,-68.359
-14.028,-24.966,-186.840,-330.040,-157.249,-349.129,-309.236,-227.396,-459.178,-567.235,-455.867,-242.735,414.855,613.777,1134.686,1166.201,1461.609,2386.931,2788.964,2830.637,2796.549,3240.146,3620.697,3822.838,3761.879,3897.593,3755.589,3839.695,4046.903,4052.707,4215.873,4153.418,3979.931,3185.537,2792.162,2181.365,1532.610,945.146,689.020,621.930,388.419,66.167,508.766,289.722,211.947,40.811,228.162,191.105,346.152,105.772,-26.289,168.644,443.579,372.011,212.372,538.949,1028.678,598.510,637.730,425.368,1039.561,560.346,475.349,522.916,502.514,312.338,270.403,439.906,592.341,591.255,540.982,519.688,375.859,577.317,586.968,183.882,528.661,311.152,299.220,185.444,203.689,166.968,108.590,516.548,172.992,260.753,52.085,-108.991,-194.670
-386.002,-520.366,-689.099,-642.555,-389.202,-509.528,-605.144,-611.249,-809.987,-887.085,-786.798,-466.475,54.761,167.216,698.423,837.989,1267.665,2022.918,2452.794,2312.860,2288.784,2700.929,2930.485,2920.637,2842.071,3034.177,2795.016,2853.559,3056.641,3060.372,3142.022,3031.334,2777.050,2242.783,1833.000,1295.273,700.434,151.865,124.118,18.290,-295.071,-503.180,211.329,161.215,153.387,-21.197,160.814,163.143,465.775,394.024,217.333,413.573,673.293,469.484,186.812,644.088,1008.811,496.566,592.703,556.683,1076.078,627.439,463.903,379.745,404.624,400.574,225.458,265.978,351.113,332.195,381.437,365.936,384.048,471.877,328.420,-126.010,244.859,-78.301,-154.575,-43.210,127.471,28.723,-78.200,389.828,-5.435,90.118,-93.734,-282.791,-328.605
-620.169,-788.532,-981.657,-803.275,-575.265,-622.970,-779.273,-778.016,-906.613,-904.713,-820.865,-550.771,-210.747,-356.168,107.841,367.709,785.609,1268.516,1534.642,1190.010,1110.378,1539.158,1580.783,1449.524,1364.978,1567.722,1226.584,1245.388,1430.316,1461.107,1433.122,1267.670,1022.868,842.923,483.496,117.697,-322.499,-697.092,-504.884,-614.620,-979.244,-1074.276,-246.625,-113.299,-46.930,-175.773,-20.530,-1.978,353.683,522.069,347.532,522.086,695.065,358.817,73.872,466.569,693.177,173.650,280.020,463.864,743.131,507.304,218.656,31.720,89.919,248.086,-32.883,-133.741,-123.412,-122.827,2.743,40.880,300.603,378.246,119.505,-260.989,38.240,-325.538,-492.977,-251.444,42.089,-112.637,-236.278,212.361,-165.942,-98.858,-219.567,-440.215,-403.171
