339.995,512.677,389.722,286.872,157.048,482.315,248.005,170.270,-57.255,-122.308,-581.487,-625.653,-667.911,-405.898,-960.255,-1265.286,-1702.253,-1659.621,-1554.695,-1843.960,-1779.951,-1827.623,-1435.863,-1522.342,-1784.511,-1561.538,-1633.078,-1529.632,-1460.394,-1444.651,-1651.408,-1870.412,-1905.794,-2386.572,-2085.956,-1771.856,-1588.174,-1774.448,-1489.264,-1132.326,-821.120,-952.279,-1216.929,-928.287,-1017.099,-916.388,-1066.996,-993.503,-888.279,-730.206,-479.604,-275.115,-376.868,-121.308,266.935,52.624,84.431,226.652,-221.131,-604.176,-289.816,-539.007,-522.693,-452.643,-565.896,-298.974,136.236,387.656,591.106,833.513,1225.772,1123.493,867.159,633.348,620.797,619.520,592.936,752.604,899.409,915.583,781.480,1069.389,889.913,973.257,1025.288,1037.083,639.459,164.561,181.908
655.960,742.463,733.372,698.901,668.290,920.279,599.478,555.488,423.839,382.341,-109.299,-21.058,-4.144,290.510,-133.522,-397.463,-606.855,-634.338,-473.306,-668.704,-428.782,-538.104,-271.479,-294.870,-479.641,-111.739,-115.516,-82.351,12.543,224.625,152.893,-153.294,-420.151,-895.958,-663.340,-646.415,-621.698,-894.670,-512.801,-347.556,48.908,-111.111,-478.205,-452.526,-480.855,-471.188,-721.745,-729.679,-830.773,-876.596,-593.572,-555.670,-625.433,-419.811,-30.600,-137.202,-214.730,-51.064,-539.532,-912.626,-730.656,-988.927,-933.419,-875.631,-875.407,-820.556,-380.462,-98.474,156.014,385.967,830.494,781.353,502.647,132.942,184.016,138.423,255.824,249.001,284.286,195.433,95.295,98.859,-126.171,-44.983,8.516,23.904,-400.559,-965.718,-993.098
992.577,1023.525,1060.459,1095.831,1151.071,1277.020,896.272,959.646,957.885,947.514,488.456,670.961,748.649,984.015,689.080,468.867,500.221,371.145,553.118,475.105,834.338,676.498,750.998,755.948,733.921,1111.544,1100.201,1076.463,1190.570,1467.143,1548.499,1228.084,819.222,487.624,648.759,427.678,324.263,6.461,409.700,390.037,787.514,645.764,265.604,94.262,111.019,69.036,-186.718,-275.190,-545.564,-749.502,-496.959,-565.395,-689.640,-611.784,-363.849,-342.188,-507.663,-357.032,-803.396,-1060.948,-1032.845,-1221.627,-1123.479,-1041.922,-889.761,-1021.318,-666.458,-424.904,-198.577,-74.101,306.813,318.321,125.013,-261.597,-161.683,-152.190,138.519,-25.643,-168.311,-356.856,-450.035,-702.351,-1023.229,-1045.721,-1088.085,-1111.602,-1430.600,-1961.609,-1990.034
1314.605,1329.078,1313.898,1408.437,1494.029,1484.621,1072.187,1235.496,1328.811,1298.362,927.660,1119.040,1203.810,1296.136,1072.297,875.697,1068.938,826.384,979.635,973.742,1329.493,1165.935,1053.662,1046.015,1190.825,1433.774,1341.443,1299.084,1417.533,1622.092,1815.803,1569.270,1214.189,1104.626,1212.654,890.636,751.756,445.243,816.314,717.843,1043.553,951.211,639.119,406.966,484.694,434.074,277.089,156.306,-168.101,-425.116,-259.630,-331.713,-596.601,-690.339,-665.831,-525.774,-751.113,-607.257,-973.740,-1040.282,-1127.507,-1169.869,-1035.577,-937.456,-661.236,-859.151,-671.629,-517.848,-381.653,-406.882,-209.161,-152.452,-156.157,-383.102,-285.355,-148.746,267.748,-4.688,-323.576,-596.692,-718.368,-1117.345,-1558.286,-1696.010,-1882.049,-1958.323,-2099.526,-2459.464,-2454.258
1553.589,1582.333,1439.551,1576.943,1628.135,1517.022,1109.334,1289.682,1391.161,1254.111,1008.730,1122.568,1129.653,1034.968,822.851,628.403,859.109,528.208,616.313,609.968,827.547,711.199,484.331,441.160,678.722,703.001,499.582,486.986,587.676,643.436,868.325,759.680,678.652,776.633,853.361,585.751,521.409,273.405,580.551,553.640,765.465,734.242,525.231,367.875,540.098,505.512,507.714,420.253,180.124,-26.787,16.841,34.995,-415.590,-685.459,-876.880,-665.945,-922.171,-757.063,-1053.508,-917.657,-1033.696,-890.778,-733.176,-669.604,-363.046,-472.779,-495.185,-431.174,-406.775,-558.560,-612.853,-543.581,-315.091,-226.432,-197.050,77.864,501.092,191.415,-247.625,-576.444,-750.697,-1149.419,-1690.105,-1854.802,-2167.253,-2275.106,-2251.307,-2331.328,-2285.400
1633.363,1693.367,1413.865,1575.883,1554.541,1403.565,1046.490,1131.954,1143.275,824.872,720.231,714.007,570.048,300.280,87.055,-105.778,49.561,-308.286,-286.622,-339.195,-343.777,-378.056,-613.554,-680.744,-460.136,-641.862,-917.783,-867.784,-808.410,-885.790,-715.310,-677.897,-337.744,-129.181,-77.143,-183.252,-96.948,-262.381,-38.834,124.304,217.640,242.207,109.487,92.231,381.306,357.340,504.998,496.206,432.102,318.619,233.961,384.977,-237.372,-652.030,-970.168,-765.921,-1023.640,-822.247,-1089.583,-816.202,-860.174,-555.862,-386.699,-426.755,-216.368,-122.721,-336.029,-321.095,-380.323,-577.572,-863.521,-820.381,-405.409,53.677,-33.919,322.800,605.423,331.492,-147.756,-486.488,-710.014,-978.344,-1552.042,-1599.547,-1969.928,-2063.453,-1957.391,-1712.045,-1649.338
1508.454,1606.721,1259.169,1425.779,1340.849,1217.512,958.186,870.155,727.033,210.497,242.427,136.540,-182.649,-566.827,-735.119,-897.102,-878.100,-1188.668,-1197.621,-1281.197,-1501.550,-1461.042,-1610.398,-1659.465,-1542.474,-1835.650,-2083.540,-1978.029,-1979.189,-2096.782,-2034.455,-1906.064,-1137.039,-949.472,-938.679,-866.624,-618.308,-697.112,-573.898,-192.169,-189.848,-126.461,-256.533,-170.349,219.763,175.524,388.420,460.344,569.799,512.150,318.972,579.629,-151.622,-653.188,-966.640,-853.869,-1082.631,-870.535,-1154.003,-865.431,-761.800,-381.520,-203.083,-393.068,-384.064,-65.345,-389.372,-364.660,-438.456,-575.688,-980.609,-996.287,-508.642,231.836,23.887,360.847,392.515,211.401,-233.279,-523.400,-762.324,-831.258,-1340.517,-1149.210,-1489.898,-1521.371,-1438.087,-903.563,-865.019
1194.842,1333.072,1035.929,1183.618,1085.658,1041.668,913.603,651.603,352.561,-300.880,-152.854,-291.386,-747.156,-1163.454,-1211.119,-1294.670,-1412.926,-1626.004,-1613.731,-1657.986,-2000.095,-1941.872,-1957.481,-1940.923,-1947.810,-2231.592,-2328.843,-2223.137,-2297.568,-2339.108,-2386.807,-2263.892,-1201.144,-1136.094,-1198.376,-1019.988,-658.470,-649.162,-640.178,-112.731,-155.282,-76.014,-285.470,-210.651,217.779,115.324,288.581,404.803,590.990,499.299,235.815,534.584,-222.397,-739.509,-927.623,-967.854,-1138.819,-983.938,-1308.535,-1138.941,-865.246,-525.943,-326.206,-654.947,-880.006,-419.174,-739.274,-660.494,-664.352,-655.589,-1010.789,-1103.195,-667.969,140.167,-138.591,73.054,-161.688,-221.980,-577.106,-762.676,-964.830,-844.845,-1189.278,-734.691,-971.624,-916.626,-927.034,-214.930,-233.599
774.226,947.138,814.132,915.463,867.998,926.573,936.339,581.170,186.691,-482.992,-253.075,-351.523,-858.107,-1236.522,-1109.916,-1075.735,-1292.435,-1412.432,-1344.655,-1266.750,-1591.929,-1607.719,-1499.855,-1398.953,-1477.892,-1669.430,-1527.849,-1508.643,-1663.925,-1552.794,-1664.299,-1643.186,-505.232,-583.268,-745.616,-577.214,-176.724,-62.308,-168.442,368.597,330.534,401.232,64.357,1.947,375.529,191.953,249.765,363.893,483.655,277.669,-8.885,246.223,-463.042,-926.149,-923.606,-1129.705,-1222.777,-1207.675,-1566.085,-1606.311,-1197.108,-999.369,-754.532,-1144.054,-1540.519,-1090.162,-1300.787,-1161.919,-1028.858,-844.000,-987.144,-1156.571,-847.374,-233.487,-497.758,-480.494,-881.026,-827.973,-1057.092,-1108.071,-1225.639,-994.923,-1101.603,-488.334,-580.326,-453.102,-556.818,176.266,98.413
365.620,552.636,638.438,665.066,707.614,863.106,987.241,660.585,264.352,-291.038,-24.494,-45.600,-504.519,-811.450,-520.712,-364.991,-632.198,-723.087,-609.767,-368.752,-554.483,-735.861,-554.515,-401.860,-462.293,-553.699,-165.536,-311.944,-551.485,-288.732,-393.226,-528.315,474.066,324.998,61.885,122.553,505.233,760.106,564.424,976.477,982.877,1022.297,568.275,306.012,536.210,277.054,209.809,298.524,233.959,-98.599,-360.664,-203.099,-817.525,-1174.564,-991.415,-1319.296,-1331.580,-1510.344,-1867.107,-2123.973,-1650.978,-1634.192,-1319.358,-1648.486,-2078.262,-1796.910,-1843.105,-1679.456,-1387.590,-1066.786,-904.787,-1137.295,-941.746,-730.347,-893.391,-1080.633,-1460.198,-1334.560,-1411.624,-1344.940,-1357.174,-1127.676,-974.251,-405.720,-346.517,-197.737,-323.843,274.354,175.628
75.496,233.273,506.536,435.702,558.038,786.112,981.542,783.557,471.023,113.918,366.384,406.770,73.062,-168.267,207.505,441.365,160.509,3.407,105.769,474.753,486.205,89.709,290.895,416.970,451.803,403.484,954.165,615.580,295.994,638.122,605.370,324.336,1065.273,975.007,647.163,570.757,921.420,1350.478,1123.023,1333.261,1407.464,1397.715,888.678,467.988,507.928,204.322,69.728,148.128,-134.945,-519.662,-716.875,-662.984,-1160.003,-1389.302,-1101.567,-1464.192,-1414.225,-1777.630,-2085.770,-2475.513,-2015.176,-2137.136,-1741.513,-1893.757,-2200.345,-2189.254,-2086.704,-1957.051,-1540.124,-1180.768,-726.823,-1001.922,-834.339,-1097.603,-1106.317,-1452.405,-1610.103,-1474.225,-1380.602,-1265.999,-1191.575,-1068.086,-691.218,-387.967,-197.296,-94.376,-140.053,214.098,162.553
-49.433,16.354,373.939,196.152,338.127,610.359,833.617,791.955,606.891,450.663,643.769,692.136,523.686,320.416,669.392,902.773,634.761,335.509,350.806,743.369,930.515,342.556,540.111,550.668,701.771,623.814,1192.611,716.128,336.433,659.558,733.242,375.029,840.915,931.348,604.013,441.385,781.438,1381.444,1202.366,1211.794,1358.863,1290.711,807.278,357.943,223.255,-85.430,-196.871,-89.014,-524.797,-835.321,-941.227,-954.971,-1322.807,-1439.051,-1156.525,-1455.413,-1378.859,-1848.050,-2069.295,-2450.519,-2055.327,-2207.708,-1747.375,-1661.852,-1740.028,-2007.474,-1831.279,-1789.622,-1325.472,-1047.470,-416.759,-715.904,-470.387,-1117.705,-971.857,-1399.180,-1204.102,-1122.510,-855.173,-797.556,-690.840,-738.330,-224.569,-327.768,-41.819,-40.117,71.888,149.725,216.750
-42.015,-131.482,184.221,-91.452,-12.958,282.331,507.160,564.863,499.385,469.693,578.619,582.073,586.079,398.835,634.009,783.952,560.974,111.218,-12.161,275.903,560.715,-117.325,95.751,-60.537,163.543,25.301,468.460,-17.355,-414.049,-178.647,-2.524,-341.589,-82.302,238.237,-17.136,-165.787,187.314,887.736,835.084,701.372,911.074,788.560,388.108,63.859,-172.900,-460.372,-475.757,-309.495,-764.437,-892.981,-900.497,-928.132,-1152.610,-1202.378,-1027.550,-1188.828,-1125.592,-1579.646,-1698.958,-1932.279,-1618.716,-1673.535,-1194.600,-896.235,-741.609,-1207.695,-1055.104,-1127.032,-708.367,-611.541,22.113,-290.047,94.987,-722.586,-469.760,-899.550,-349.482,-367.147,46.481,-54.320,12.987,-215.576,323.187,-182.291,149.460,31.863,305.796,155.547,385.411
4.970,-274.797,-91.006,-437.103,-486.480,-179.180,44.199,93.056,103.895,90.939,125.079,68.393,235.904,68.009,172.595,185.938,59.973,-462.329,-714.111,-622.393,-330.707,-948.016,-674.479,-976.873,-759.031,-916.065,-680.287,-1017.101,-1365.988,-1224.624,-981.960,-1218.419,-1079.765,-582.586,-715.776,-756.685,-401.921,258.484,379.472,172.949,426.040,270.406,-39.616,-139.348,-377.977,-642.979,-544.934,-336.893,-671.416,-594.723,-518.314,-516.348,-578.898,-625.254,-618.253,-617.949,-595.603,-920.372,-949.331,-957.640,-714.109,-581.172,-149.681,256.099,542.744,6.557,61.452,-113.323,186.746,56.878,524.545,202.822,703.973,-33.281,256.747,-118.745,654.200,528.015,1020.980,708.934,673.263,304.616,764.213,9.522,322.466,115.058,469.272,195.845,585.295
-10.486,-463.312,-424.757,-802.073,-989.011,-677.262,-444.065,-502.611,-462.321,-546.695,-539.211,-621.541,-302.131,-421.762,-388.385,-515.450,-477.608,-932.794,-1233.249,-1351.904,-1116.811,-1526.529,-1159.751,-1517.006,-1372.637,-1452.880,-1412.890,-1479.292,-1709.696,-1616.306,-1359.150,-1453.883,-1391.120,-852.677,-852.914,-749.377,-454.768,-8.426,284.216,50.483,326.788,177.075,-81.492,39.238,-112.453,-373.125,-204.201,-26.265,-153.032,46.337,174.395,222.806,333.701,233.606,73.374,205.236,184.152,49.876,80.418,278.590,471.233,802.126,1121.096,1487.862,1745.789,1262.801,1200.734,960.776,1113.252,779.195,973.845,644.013,1158.681,695.375,963.281,669.355,1450.395,1245.439,1719.792,1223.041,1051.635,617.547,932.978,169.429,385.118,155.507,452.156,175.672,673.165
-143.385,-695.720,-736.948,-1105.913,-1373.686,-1072.771,-822.455,-1021.750,-973.116,-1152.093,-1095.262,-1141.083,-684.334,-721.236,-661.620,-888.467,-633.796,-880.115,-1111.127,-1375.634,-1216.071,-1333.340,-890.857,-1182.618,-1127.431,-1039.483,-1104.760,-875.732,-938.584,-840.984,-621.082,-589.189,-617.717,-191.396,-87.461,120.912,262.974,353.246,768.835,519.983,806.169,713.777,452.941,693.531,675.154,402.007,570.463,617.280,707.018,880.166,1020.494,1107.261,1378.357,1194.863,926.486,1123.728,1084.186,1127.699,1180.604,1480.335,1628.996,2081.135,2247.092,2444.245,2527.667,2172.189,2032.375,1773.045,1796.745,1338.645,1243.005,913.127,1309.220,1195.804,1416.291,1208.270,1786.995,1559.745,1915.083,1338.700,1041.555,627.194,791.602,247.940,287.203,115.846,220.388,33.583,558.663
-369.953,-914.403,-927.877,-1260.676,-1505.874,-1246.886,-992.026,-1280.260,-1207.134,-1431.489,-1247.644,-1211.738,-647.874,-590.405,-429.575,-696.643,-225.173,-185.278,-247.914,-554.781,-454.528,-293.827,141.554,2.554,13.280,291.123,237.670,668.165,773.078,880.593,1023.618,1125.931,960.213,1178.807,1335.829,1553.595,1467.151,1157.865,1623.964,1359.687,1653.843,1669.832,1379.411,1601.454,1709.928,1432.001,1548.083,1384.621,1635.442,1648.536,1769.854,1877.084,2258.518,2001.395,1722.202,1913.202,1898.184,2046.490,2090.438,2348.131,2440.290,2882.338,2895.214,2857.796,2705.078,2485.854,2341.759,2100.908,2044.207,1570.918,1247.544,939.292,1122.647,1311.834,1497.729,1368.937,1623.506,1433.388,1604.731,1095.986,723.907,403.254,466.506,268.670,78.263,28.151,-128.943,-188.160,285.963
-598.737,-1034.916,-927.344,-1216.034,-1331.748,-1159.871,-935.665,-1202.817,-1063.159,-1242.993,-886.158,-780.870,-168.464,-46.368,221.006,-38.303,571.334,871.232,1001.376,738.024,806.448,1133.826,1435.583,1453.801,1499.390,1886.421,1925.854,2374.355,2587.263,2641.103,2686.232,2788.711,2466.496,2488.481,2649.746,2772.599,2446.283,1825.233,2277.251,2016.355,2326.520,2483.488,2187.897,2292.046,2480.121,2239.175,2307.139,1924.033,2257.411,2070.050,2162.857,2279.376,2688.431,2403.324,2217.637,2354.708,2407.589,2567.306,2583.599,2680.744,2693.753,2996.533,2896.889,2647.698,2311.084,2184.502,2105.763,1908.543,1818.720,1432.098,984.036,733.466,697.125,1063.226,1250.289,1190.701,1132.281,1016.314,1002.192,691.949,322.707,142.880,188.322,316.447,-99.662,-5.543,-394.136,-345.807,29.377
-720.565,-994.537,-734.111,-991.199,-914.133,-875.307,-726.002,-863.788,-616.432,-674.773,-157.230,-62.613,513.511,634.209,939.215,706.595,1307.014,1747.546,1998.111,1805.712,1861.164,2192.434,2243.343,2332.811,2482.666,2819.930,2957.620,3224.251,3441.162,3335.739,3283.865,3329.441,2904.236,2842.863,2980.074,2941.618,2448.573,1711.708,2115.742,1910.977,2246.549,2540.524,2307.994,2284.701,2490.101,2348.274,2431.163,1904.383,2259.225,1953.583,2035.222,2163.023,2505.083,2254.755,2240.826,2315.822,2462.306,2564.815,2548.285,2441.257,2362.187,2453.383,2305.875,1942.011,1562.638,1464.465,1485.028,1350.762,1246.850,1012.218,534.896,384.754,213.774,620.634,842.943,838.237,597.128,554.550,418.275,365.741,83.695,57.530,163.996,474.564,-86.613,129.123,-370.388,-273.000,0.197
-671.772,-792.959,-423.841,-674.687,-414.382,-535.205,-491.059,-454.068,-85.694,-5.172,596.466,563.718,1015.404,1062.047,1304.118,1093.301,1518.096,1943.947,2172.843,2018.493,2067.913,2260.073,2013.702,2040.993,2317.713,2441.919,2611.554,2566.559,2679.561,2334.970,2210.520,2171.633,1772.216,1784.837,1893.126,1686.733,1160.987,537.455,891.669,811.565,1170.076,1550.388,1453.162,1377.893,1549.175,1555.798,1740.596,1201.626,1550.981,1291.220,1398.087,1544.917,1743.837,1581.252,1765.671,1806.850,2044.164,2073.567,2030.160,1763.131,1606.842,1497.890,1364.719,1016.217,756.043,633.570,741.395,694.128,557.714,489.634,36.607,22.013,-149.051,208.544,478.160,503.335,264.962,259.298,99.200,266.313,141.600,249.155,452.633,752.060,195.175,477.249,28.552,109.020,317.071
-476.144,-501.589,-119.002,-388.802,-25.477,-296.016,-354.141,-189.344,272.760,435.458,1001.008,747.217,1018.003,951.405,1064.004,869.209,1003.982,1300.037,1362.649,1189.960,1240.274,1236.355,756.088,614.166,985.284,815.783,923.823,568.502,513.560,-53.515,-204.195,-323.709,-542.123,-337.332,-251.379,-584.412,-1006.198,-1349.312,-1034.853,-950.565,-595.006,-220.336,-156.713,-180.874,-69.367,86.574,430.443,3.851,342.233,283.070,451.801,615.860,640.516,584.999,932.197,986.428,1283.943,1275.569,1219.714,896.179,709.850,482.738,398.977,178.243,142.140,-28.485,122.668,194.645,-15.868,49.971,-373.488,-240.245,-295.182,-9.644,291.318,306.963,228.325,206.316,107.624,376.823,448.986,647.397,919.124,1052.240,677.444,962.941,701.072,718.636,917.479
-240.355,-234.272,66.268,-234.436,113.416,-256.005,-377.191,-205.398,289.940,430.363,838.249,350.304,442.562,285.299,284.605,122.644,-37.116,109.817,-65.450,-284.549,-213.091,-354.671,-902.877,-1229.115,-827.573,-1236.409,-1251.642,-1779.303,-1991.618,-2639.050,-2756.360,-2929.647,-2862.086,-2451.647,-2386.816,-2791.490,-3033.174,-3061.093,-2792.462,-2576.499,-2275.137,-2015.330,-1843.578,-1761.395,-1708.757,-1467.210,-978.894,-1237.323,-921.383,-727.056,-481.254,-322.729,-447.679,-420.600,0.325,110.827,420.991,433.880,386.922,115.687,-34.782,-273.495,-311.216,-348.403,-161.839,-378.198,-231.344,-9.521,-327.923,-190.793,-606.969,-345.091,-244.145,-3.669,294.346,252.752,397.660,316.191,308.821,537.560,806.522,1045.920,1298.749,1211.240,1162.954,1407.009,1388.261,1329.496,1567.819
-101.526,-92.941,79.831,-243.124,-19.961,-409.738,-534.644,-492.753,-35.333,-15.170,159.439,-472.518,-497.808,-663.347,-679.656,-764.198,-1101.208,-1022.327,-1389.512,-1621.829,-1496.851,-1627.078,-2031.762,-2446.439,-2070.705,-2544.403,-2673.283,-3153.760,-3443.719,-3944.290,-3973.418,-4161.518,-3815.626,-3302.711,-3271.591,-3711.917,-3791.286,-3610.172,-3425.401,-3193.450,-3009.791,-2953.068,-2794.114,-2644.920,-2632.543,-2415.761,-1873.789,-2002.747,-1744.450,-1384.874,-1081.582,-970.016,-1174.043,-1124.081,-745.299,-555.153,-280.999,-201.439,-213.241,-369.660,-426.072,-600.720,-626.669,-494.757,-189.251,-438.861,-322.191,58.291,-362.395,-223.989,-648.990,-305.778,-104.246,129.040,389.600,251.532,572.783,420.882,466.215,553.302,978.912,1219.859,1343.390,1092.326,1422.101,1613.002,1796.639,1675.471,1974.379
-151.711,-115.637,-42.965,-361.006,-321.291,-652.350,-729.192,-902.676,-539.793,-676.912,-733.184,-1344.575,-1401.081,-1468.282,-1377.319,-1333.450,-1655.098,-1513.533,-1921.807,-2082.324,-1880.943,-1831.785,-1922.008,-2260.943,-1930.013,-2254.425,-2419.739,-2645.102,-2906.996,-3048.419,-2963.604,-3123.026,-2629.805,-2183.520,-2204.594,-2673.534,-2686.107,-2482.278,-2440.532,-2352.345,-2335.492,-2509.296,-2499.638,-2403.700,-2405.828,-2321.898,-1854.297,-1959.372,-1808.124,-1471.797,-1162.014,-1140.142,-1333.251,-1331.193,-1099.931,-831.081,-628.899,-478.507,-429.136,-478.162,-416.548,-519.658,-576.067,-345.978,-72.763,-349.916,-258.469,248.711,-214.757,-133.047,-549.866,-184.891,-3.036,237.392,441.131,196.228,570.046,375.331,390.808,322.773,833.039,1059.255,970.656,683.427,1319.509,1477.058,1750.850,1591.863,1938.284
-378.803,-254.104,-195.368,-474.025,-608.849,-831.442,-839.997,-1220.327,-978.814,-1223.036,-1428.384,-1850.527,-1878.305,-1770.261,-1506.894,-1315.914,-1441.553,-1137.444,-1398.893,-1400.743,-1141.153,-812.799,-535.467,-652.183,-346.881,-376.175,-478.766,-342.252,-505.611,-204.477,-29.667,-116.044,321.636,555.601,478.906,-22.494,-83.070,-20.267,-165.669,-349.418,-503.728,-850.762,-1070.847,-1158.939,-1149.372,-1245.928,-954.567,-1140.450,-1125.147,-997.149,-742.636,-830.843,-935.626,-1033.789,-1009.152,-680.887,-567.224,-388.339,-261.539,-266.075,-109.706,-202.927,-312.764,-79.826,40.000,-271.599,-179.696,377.296,-28.243,-38.573,-392.205,-54.893,-14.836,213.428,360.282,39.504,333.264,149.946,59.861,-85.561,421.354,642.074,330.282,136.101,898.864,1057.535,1292.226,1113.740,1468.524
-657.811,-393.752,-249.865,-463.085,-708.167,-820.642,-778.770,-1267.616,-1145.021,-1375.835,-1600.723,-1739.551,-1746.115,-1460.374,-1078.484,-786.735,-634.479,-166.038,-146.973,36.102,275.433,853.593,1402.712,1552.352,1861.699,2125.558,2145.478,2604.774,2528.834,3159.922,3346.902,3375.061,3572.621,3553.522,3453.041,2936.055,2762.204,2636.356,2317.577,1839.552,1572.993,1187.953,766.630,441.337,486.237,258.188,351.216,50.719,-40.648,-191.338,-35.413,-215.834,-192.979,-403.155,-577.049,-216.891,-190.466,-54.847,144.486,108.621,297.173,118.194,-30.774,121.108,57.371,-299.330,-181.268,321.976,79.597,-34.928,-252.634,36.730,-124.825,55.855,156.972,-172.318,-32.576,-147.867,-362.429,-458.013,-37.781,202.183,-256.541,-287.937,373.067,558.316,664.395,471.075,786.464
-802.303,-407.568,-119.460,-262.678,-531.781,-578.641,-527.128,-985.123,-962.482,-1042.592,-1162.006,-1045.169,-1107.887,-726.278,-396.496,-117.577,254.552,775.466,1085.939,1383.985,1478.243,2145.964,2756.674,3079.378,3395.993,3797.411,3920.446,4539.122,4455.595,5131.478,5220.048,5392.883,5266.701,5087.139,5032.755,4557.574,4294.338,4082.988,3684.836,3024.823,2760.910,2508.720,2025.542,1539.293,1636.694,1412.477,1377.421,1029.032,929.650,599.462,655.160,435.642,576.816,288.218,-11.913,351.869,302.814,322.322,560.899,451.339,596.370,254.747,117.577,142.189,-31.417,-430.207,-277.240,78.546,64.020,-150.183,-176.467,79.734,-247.400,-134.500,-70.536,-328.098,-322.161,-334.609,-615.199,-550.942,-275.259,5.568,-460.375,-345.154,17.784,226.887,187.543,-24.476,213.639
-654.843,-218.417,199.440,105.457,-116.674,-165.808,-139.986,-455.189,-512.268,-353.183,-297.057,-63.388,-284.060,61.906,127.836,251.852,675.372,1071.553,1552.878,1818.673,1648.012,2178.643,2615.750,2920.127,3201.677,3508.228,3644.281,4212.953,3992.814,4370.545,4261.520,4584.046,4182.865,4024.325,4100.380,3753.129,3499.321,3410.157,3088.367,2452.268,2324.533,2344.637,1992.351,1528.692,1680.310,1621.928,1582.499,1320.625,1348.593,1068.868,1068.563,875.417,1083.313,780.929,463.904,804.056,693.195,547.351,766.989,599.777,645.122,126.145,68.569,-33.053,-180.326,-590.589,-413.348,-249.374,-44.356,-345.582,-173.438,88.047,-285.557,-222.084,-198.834,-324.760,-350.263,-259.497,-493.264,-235.027,-121.503,200.271,-125.825,50.807,21.940,218.710,85.799,-144.577,0.424
-173.103,160.214,622.419,539.629,396.498,287.247,282.358,140.779,17.433,408.715,629.030,795.182,364.879,559.210,225.683,91.298,376.706,495.701,954.653,1035.010,554.106,759.510,869.538,965.357,1140.043,1167.335,1212.027,1573.683,1135.140,972.368,629.547,1068.182,536.450,570.462,832.136,684.340,551.112,788.414,701.324,290.233,394.117,727.625,658.239,414.842,594.225,805.062,865.990,810.857,1070.250,1082.498,1097.073,976.002,1175.941,928.602,699.718,988.082,825.360,499.282,634.071,474.554,407.675,-228.791,-152.122,-338.632,-335.058,-698.822,-514.483,-514.257,-174.783,-548.100,-229.568,74.536,-195.082,-125.524,-157.023,-139.257,-63.995,100.120,22.959,412.462,389.708,722.835,626.441,757.677,376.974,503.496,362.019,128.646,189.210
532.705,624.720,1012.137,902.349,829.766,640.767,636.266,605.510,425.349,940.907,1241.642,1200.105,621.901,627.810,-66.229,-461.162,-418.628,-619.275,-350.595,-525.631,-1235.802,-1408.496,-1622.580,-1814.742,-1802.047,-2080.370,-2171.170,-2050.029,-2671.212,-3390.277,-3905.072,-3426.159,-3932.365,-3647.610,-3216.911,-3160.367,-3125.707,-2477.444,-2244.295,-2342.993,-2002.385,-1448.897,-1209.507,-1138.897,-994.519,-539.054,-359.562,-187.956,306.140,723.832,816.091,768.915,887.861,741.544,662.797,869.832,660.653,169.726,172.886,98.983,-44.559,-688.194,-461.810,-669.499,-470.951,-720.168,-534.136,-604.172,-263.996,-693.047,-322.328,33.684,-15.278,125.244,27.154,145.313,416.383,611.222,734.256,1123.151,1022.774,1316.063,1439.266,1449.311,870.054,870.939,792.418,587.221,590.460
1233.884,1023.127,1236.117,1079.612,1046.128,804.959,849.798,807.310,585.109,1055.266,1319.995,1043.658,502.651,389.549,-430.789,-965.258,-1119.896,-1539.871,-1518.073,-1878.721,-2611.811,-3041.482,-3415.792,-3805.029,-3943.923,-4361.288,-4523.519,-4544.399,-5178.933,-6217.418,-6747.359,-6332.192,-6728.835,-6299.267,-5803.305,-5630.592,-5488.193,-4527.227,-4014.129,-3886.863,-3414.791,-2851.684,-2434.184,-2135.389,-2117.383,-1583.378,-1376.840,-1095.636,-492.719,233.140,424.666,407.615,396.980,359.718,430.555,530.428,278.989,-342.884,-473.031,-413.816,-567.152,-1104.713,-761.689,-926.135,-596.624,-680.256,-476.365,-494.814,-287.910,-751.517,-427.717,-54.094,152.358,398.294,239.998,377.983,852.512,1043.409,1309.493,1559.738,1451.140,1653.908,1888.184,1765.528,1192.070,1040.944,1050.057,909.066,890.087
1677.256,1218.963,1220.740,1027.452,1002.747,769.442,897.231,723.128,485.892,746.053,877.505,464.487,206.141,120.208,-478.674,-948.330,-1118.307,-1557.384,-1702.038,-2054.443,-2545.791,-2983.072,-3266.728,-3621.878,-3819.758,-4082.869,-4158.001,-4150.900,-4554.955,-5520.320,-5861.900,-5610.562,-5919.916,-5579.112,-5180.023,-5047.383,-4944.185,-3922.358,-3292.728,-3170.969,-2752.780,-2432.856,-2076.832,-1796.491,-1994.563,-1630.386,-1557.944,-1377.646,-881.064,-127.986,129.911,77.504,-71.610,-26.543,139.116,119.981,-165.705,-875.981,-1084.002,-899.641,-994.264,-1356.078,-965.681,-1040.878,-724.940,-632.142,-380.474,-249.455,-262.145,-729.875,-516.875,-198.379,205.651,531.721,346.506,423.420,1011.044,1184.487,1451.177,1485.575,1423.100,1511.005,1698.010,1497.043,1107.670,824.166,894.571,841.910,833.713
1697.336,1148.477,978.405,785.619,757.211,593.205,792.953,429.847,213.812,170.060,130.167,-248.904,-36.861,49.288,-24.376,-233.446,-196.240,-457.354,-604.329,-722.749,-762.965,-948.088,-927.342,-991.619,-1110.382,-942.578,-756.923,-582.929,-555.160,-1082.729,-1065.900,-1034.043,-1347.312,-1340.995,-1190.183,-1246.213,-1333.395,-541.100,-14.381,-160.267,16.114,-93.261,-35.957,-63.273,-517.587,-539.903,-742.525,-853.664,-666.850,-216.838,36.351,-99.845,-352.151,-267.283,-83.538,-209.422,-513.592,-1263.789,-1448.145,-1195.833,-1189.922,-1372.497,-1011.336,-982.285,-835.905,-602.441,-282.563,27.471,-216.501,-647.204,-550.003,-372.037,107.668,428.012,269.993,243.885,789.556,953.131,1054.393,894.141,897.414,888.302,895.479,710.298,596.996,246.156,325.318,360.820,387.753
1294.075,846.465,598.462,455.102,429.526,366.456,575.398,57.155,-105.793,-439.945,-619.256,-814.159,-123.119,186.357,734.007,867.691,1240.730,1236.735,1225.834,1468.131,1920.620,2117.035,2498.560,2859.389,2921.769,3625.082,4148.910,4501.250,4995.508,5055.099,5486.097,5319.121,4932.121,4489.787,4334.343,4043.495,3716.218,4099.656,4354.962,3799.095,3640.684,3084.279,2734.684,2235.524,1581.835,1108.529,607.761,164.649,-30.879,-83.050,97.003,-120.403,-403.694,-312.646,-168.604,-362.314,-660.545,-1393.679,-1440.310,-1193.566,-1085.955,-1141.218,-861.010,-747.684,-862.629,-555.747,-182.172,252.378,-164.043,-510.244,-479.302,-503.807,-82.650,116.471,40.437,-68.732,277.386,448.501,274.411,28.475,77.086,26.936,-184.540,-258.628,-110.951,-437.764,-390.131,-290.537,-214.849
638.193,430.803,209.017,153.099,143.354,168.333,293.779,-268.800,-368.145,-878.062,-1116.340,-1084.344,-146.246,283.250,1251.941,1630.527,2267.407,2414.056,2542.306,3068.087,3830.409,4309.398,4890.990,5581.231,5802.681,6882.741,7639.140,8011.589,8771.799,9252.024,9993.388,9731.018,9313.526,8540.691,8171.259,7766.184,7322.223,7339.418,7303.350,6427.345,6010.915,5206.433,4552.104,3674.526,2997.566,2229.808,1580.730,991.503,548.808,61.691,149.464,-84.964,-307.960,-217.594,-122.018,-327.666,-589.527,-1239.407,-1066.525,-875.390,-699.648,-699.116,-505.892,-357.881,-717.258,-405.487,-38.417,402.974,-87.460,-305.854,-267.365,-502.623,-236.004,-254.082,-217.757,-333.185,-282.927,-91.584,-536.406,-724.534,-679.312,-700.383,-1048.694,-947.994,-638.761,-854.555,-836.384,-706.255,-577.430
-0.470,54.003,-71.951,-32.412,-23.325,42.352,3.507,-463.875,-519.930,-1034.785,-1244.352,-1086.773,-332.488,-34.614,897.365,1254.210,1862.775,1886.727,1973.943,2483.103,3182.531,3614.167,4052.116,4740.586,4931.432,5989.511,6680.285,6781.825,7403.517,7863.109,8666.562,8468.170,8212.037,7459.822,7116.115,6875.495,6602.916,6530.724,6368.880,5506.626,5090.598,4418.827,3763.501,2879.481,2451.603,1743.815,1247.259,895.608,535.702,-38.583,15.372,-130.570,-207.706,-96.132,-3.952,-168.858,-363.477,-862.453,-458.310,-325.907,-128.917,-123.760,21.944,139.365,-347.222,-69.909,199.220,515.099,46.879,-18.452,84.240,-306.875,-223.963,-491.879,-354.107,-374.176,-615.993,-405.375,-994.962,-1016.214,-1027.103,-967.899,-1280.169,-988.110,-649.376,-701.854,-663.761,-524.911,-344.494
-369.831,-156.730,-176.023,-69.571,-57.319,-2.816,-233.872,-495.512,-553.344,-909.734,-1035.637,-962.984,-879.522,-1033.235,-691.038,-697.588,-540.785,-975.312,-1243.552,-1183.350,-987.489,-1058.176,-1169.510,-937.768,-1097.536,-562.914,-341.910,-829.242,-822.536,-926.280,-377.532,-350.597,-156.750,-417.092,-420.343,-151.971,101.947,349.667,362.859,-14.167,-58.638,-150.933,-406.153,-764.398,-645.800,-857.871,-848.515,-517.326,-380.499,-539.853,-391.279,-345.043,-221.940,-53.331,111.795,14.855,-88.267,-384.158,179.400,290.689,473.843,474.966,637.109,662.647,210.524,458.264,543.251,640.900,255.388,338.019,512.166,66.145,1.313,-468.683,-280.161,-123.644,-555.099,-338.573,-875.955,-705.940,-802.717,-656.158,-743.600,-287.374,-28.251,82.360,214.055,367.444,595.479
-344.510,-146.543,-101.362,16.349,3.040,23.714,-356.065,-371.135,-479.451,-577.907,-617.463,-856.975,-1794.899,-2662.605,-3336.227,-3981.628,-4664.744,-5808.687,-6747.136,-7529.333,-8181.165,-9155.325,-10121.554,-10737.657,-11581.523,-11977.546,-12581.143,-13869.481,-14840.987,-15919.016,-15899.668,-15545.711,-14641.198,-14004.216,-13397.280,-12353.949,-11301.758,-10369.227,-9868.666,-9337.155,-8659.261,-7819.040,-7336.192,-6693.190,-5805.797,-5173.169,-4389.713,-3060.365,-2097.300,-1401.590,-1005.142,-710.883,-382.602,-131.194,175.875,135.594,134.856,59.495,645.544,782.823,944.559,968.946,1203.950,1100.266,814.029,1072.661,934.368,796.558,506.319,696.092,892.289,500.863,363.267,-198.639,-28.606,327.081,-132.587,73.256,-228.668,65.106,-106.220,87.432,342.220,907.257,1036.742,1259.630,1544.179,1745.734,2017.462
22.684,50.021,94.613,162.205,98.915,110.689,-317.379,-122.633,-307.374,-141.140,-135.502,-823.438,-2835.416,-4502.118,-6303.222,-7669.282,-9371.824,-11266.846,-13029.249,-14828.667,-16436.067,-18481.013,-20371.659,-21980.827,-23702.989,-25169.302,-26744.277,-28836.128,-30874.548,-33015.844,-33656.249,-32977.397,-31270.690,-29577.359,-28255.726,-26384.223,-24481.614,-22718.118,-21551.604,-19921.474,-18339.493,-16451.058,-15104.294,-13262.957,-11552.014,-9963.147,-8341.472,-5989.457,-4108.353,-2387.565,-1631.118,-1107.723,-622.734,-293.607,181.477,152.188,246.846,363.935,815.287,998.561,1157.313,1238.622,1567.019,1333.986,1258.198,1575.248,1246.794,933.947,714.019,939.696,1073.217,812.568,680.675,155.278,251.212,755.876,427.741,613.123,637.265,933.211,741.315,916.404,1500.607,2109.490,2123.657,2378.410,2826.972,3120.238,3432.429
529.178,325.946,319.669,293.662,179.349,245.698,-114.149,200.016,-46.814,304.922,300.024,-809.266,-3594.119,-5906.862,-8564.300,-10484.842,-13076.647,-15511.334,-17979.048,-20646.266,-23025.938,-25971.898,-28568.982,-30978.293,-33514.013,-35848.767,-38245.114,-40904.122,-43759.075,-46669.399,-47903.268,-47012.315,-44667.401,-42098.963,-40190.840,-37709.564,-35180.373,-32749.860,-30972.348,-28387.113,-25990.459,-23243.936,-21190.582,-18354.162,-15977.895,-13625.868,-11353.015,-8295.994,-5708.872,-3164.063,-2034.956,-1370.826,-817.683,-453.287,157.586,80.686,245.371,487.331,680.166,883.845,1066.801,1211.082,1605.625,1280.780,1361.037,1757.117,1336.902,956.386,767.641,943.814,934.136,819.467,746.108,354.776,362.661,909.574,813.847,979.437,1292.024,1476.492,1344.495,1446.714,2215.403,2808.342,2764.083,2972.293,3537.460,3947.708,4296.259
916.310,543.705,477.394,347.399,213.415,402.112,196.227,526.279,269.825,677.761,624.780,-713.032,-3697.533,-6294.427,-9238.215,-11346.578,-14408.977,-16978.049,-19758.666,-22842.592,-25574.898,-28938.073,-31794.194,-34516.995,-37517.992,-40236.450,-43035.130,-45846.782,-48995.047,-52093.734,-53677.596,-52762.154,-50179.949,-47218.433,-45065.122,-42412.264,-39700.545,-37039.981,-34943.880,-31848.374,-29003.536,-25855.427,-23494.735,-20225.130,-17528.579,-14861.685,-12327.962,-9135.278,-6300.950,-3446.818,-2055.374,-1373.664,-853.735,-522.025,145.469,-20.883,174.674,457.378,342.150,507.620,727.427,895.793,1291.143,935.443,1053.890,1501.116,1113.830,772.349,583.573,634.167,443.417,427.856,427.211,205.230,162.781,627.876,774.339,925.845,1385.031,1406.111,1413.315,1431.919,2165.358,2696.705,2659.700,2774.490,3368.968,3879.214,4255.665
984.125,585.562,494.676,283.712,186.168,526.083,499.575,765.834,567.712,901.068,798.998,-478.373,-3009.646,-5431.230,-7995.831,-9857.293,-12822.392,-15065.132,-17612.922,-20509.557,-23081.305,-26211.238,-28796.443,-31219.593,-34147.502,-36649.522,-39302.145,-41802.804,-44623.230,-47256.762,-48853.460,-48109.879,-45803.049,-43069.556,-41120.064,-38805.228,-36426.020,-34091.696,-32106.739,-29093.713,-26341.225,-23376.192,-21209.907,-18231.911,-15652.234,-13223.992,-10897.391,-8190.183,-5653.198,-3124.923,-1679.991,-1090.987,-686.597,-455.778,173.227,-83.766,99.114,352.508,-33.803,39.706,278.177,397.556,716.889,390.131,428.141,853.156,595.758,357.715,155.676,37.806,-310.474,-310.157,-258.576,-339.013,-356.113,-69.528,240.935,378.415,808.695,694.911,890.868,868.088,1362.798,1805.426,1821.712,1843.465,2378.604,2923.763,3311.231
675.149,394.609,340.595,91.359,89.377,541.029,660.206,825.693,736.620,905.983,785.451,-157.140,-1729.114,-3569.547,-5231.560,-6504.557,-8855.296,-10414.439,-12227.481,-14395.343,-16371.818,-18668.450,-20548.103,-22152.742,-24459.953,-26237.103,-28261.670,-30086.460,-32073.518,-33753.810,-35046.204,-34608.898,-33020.229,-31055.988,-29714.439,-28133.704,-26492.442,-24954.138,-23483.456,-21084.869,-18960.286,-16703.581,-15155.425,-13088.224,-11023.286,-9301.051,-7573.983,-5800.176,-3992.981,-2303.389,-1047.585,-610.420,-360.423,-271.963,241.525,-60.775,73.467,265.564,-287.923,-314.138,-105.765,-108.379,78.171,-186.033,-290.440,21.188,-80.119,-209.781,-424.184,-704.036,-1134.647,-1197.559,-1133.902,-1136.660,-1046.482,-976.767,-633.817,-524.099,-250.182,-413.840,-28.314,-17.648,134.548,481.200,565.247,537.613,962.117,1447.007,1817.867
91.457,-6.153,34.528,-210.985,-80.642,376.870,577.400,645.328,672.610,653.265,552.911,101.798,-319.668,-1358.055,-1910.159,-2466.498,-3912.793,-4647.630,-5458.204,-6609.489,-7766.651,-8882.183,-9855.483,-10398.067,-11722.595,-12521.431,-13671.392,-14664.389,-15593.249,-16160.504,-16950.454,-16844.831,-16188.299,-15268.678,-14754.781,-14048.641,-13306.054,-12776.834,-12040.534,-10552.724,-9399.441,-8150.528,-7419.509,-6551.670,-5240.579,-4449.635,-3518.361,-2799.913,-1893.000,-1248.084,-378.272,-88.619,19.174,-33.446,325.809,53.885,121.792,264.282,-326.483,-395.898,-279.017,-437.040,-397.200,-605.386,-832.785,-703.756,-703.656,-766.638,-989.521,-1373.386,-1792.583,-1957.112,-1923.557,-1909.642,-1659.333,-1781.600,-1540.229,-1484.530,-1393.349,-1516.932,-992.751,-882.432,-1038.665,-777.104,-637.019,-648.642,-329.547,5.521,323.376
-558.452,-521.454,-357.465,-575.013,-314.097,13.307,237.764,234.988,337.101,167.877,107.035,134.945,697.713,436.930,843.252,890.218,332.379,322.225,447.709,260.963,-107.050,-53.246,-199.549,221.494,-69.497,50.212,-284.665,-531.053,-508.855,-155.986,-412.221,-549.972,-744.702,-801.186,-1079.815,-1095.969,-1134.052,-1506.680,-1462.304,-875.894,-725.193,-475.259,-482.343,-687.231,-148.242,-212.429,-33.698,-150.934,-13.870,-264.888,129.937,323.035,340.172,188.165,391.205,224.137,231.220,364.065,-151.633,-162.575,-183.702,-468.018,-541.310,-735.421,-1001.932,-1069.908,-1074.963,-1126.281,-1359.180,-1751.837,-2087.372,-2334.852,-2362.010,-2359.230,-1947.693,-2194.972,-2145.013,-2170.237,-2187.041,-2225.604,-1652.192,-1425.534,-1741.418,-1541.843,-1368.775,-1307.018,-1041.484,-902.364,-675.089
-1054.474,-1014.605,-738.373,-927.730,-575.348,-487.721,-265.427,-307.245,-201.441,-439.865,-475.413,-131.208,986.819,1265.221,2216.447,2584.373,2639.222,3081.671,3778.135,4216.331,4406.804,5285.940,5666.439,6681.054,7161.755,7888.094,8058.136,8286.267,8897.824,9738.704,9896.760,9678.708,8954.379,8277.351,7470.031,7093.961,6595.961,5683.464,5309.084,5253.700,4685.011,4222.769,3776.400,2952.385,2903.844,2305.788,1970.282,1455.293,1169.959,425.549,384.577,543.761,536.155,347.716,410.815,389.258,360.461,523.656,149.473,293.798,126.667,-199.369,-319.343,-553.954,-757.582,-972.462,-1086.176,-1159.140,-1408.066,-1704.552,-1933.248,-2198.345,-2298.689,-2294.304,-1772.079,-2070.918,-2232.019,-2348.999,-2348.165,-2323.138,-1804.231,-1512.009,-1795.908,-1633.014,-1447.503,-1288.736,-1011.640,-1049.130,-939.156
-1256.059,-1351.453,-1006.607,-1185.695,-800.768,-985.234,-761.854,-818.294,-774.653,-992.090,-1042.262,-618.585,548.048,1019.102,2024.494,2398.392,2673.972,3246.745,4005.921,4604.033,5040.316,6214.965,6735.799,7871.825,8671.713,9585.497,9852.273,10210.766,10960.935,11810.126,12178.328,12051.813,11214.688,10399.551,9446.391,9119.325,8539.192,7543.424,7127.562,6795.236,5987.066,5251.012,4744.050,3866.695,3529.650,2821.637,2298.317,1840.187,1533.549,758.927,422.060,587.328,608.403,441.426,378.179,490.320,457.697,665.024,448.470,784.732,509.867,247.495,153.125,-158.028,-228.762,-494.617,-763.118,-850.936,-1117.085,-1235.536,-1385.636,-1587.239,-1755.220,-1713.216,-1160.321,-1463.369,-1787.313,-1978.981,-1857.072,-1838.572,-1465.190,-1208.713,-1311.840,-1169.095,-983.341,-749.042,-421.048,-555.249,-566.050
-1149.680,-1443.504,-1087.513,-1279.243,-915.991,-1306.321,-1074.331,-1131.174,-1177.145,-1305.141,-1409.502,-1120.823,-297.650,45.410,725.429,893.681,1053.325,1503.621,1880.773,2244.226,2659.255,3615.953,3954.866,4828.160,5494.214,6231.680,6267.767,6468.159,6995.258,7507.153,7879.660,7959.535,7353.818,6819.735,6076.354,6084.064,5709.544,5000.714,4863.077,4561.980,4000.867,3412.494,3145.209,2652.527,2319.719,1863.134,1444.735,1328.493,1289.301,817.687,364.683,536.100,609.456,496.107,309.103,494.382,480.308,708.574,631.393,1107.198,796.377,678.834,660.360,279.904,350.957,137.202,-247.881,-310.564,-580.382,-489.662,-618.007,-695.151,-911.950,-803.841,-296.669,-597.354,-994.596,-1217.000,-950.996,-1012.527,-840.961,-726.306,-602.632,-478.617,-299.030,-48.709,319.581,198.425,93.671
-835.987,-1276.153,-959.918,-1179.633,-868.687,-1320.297,-1097.999,-1148.746,-1259.062,-1271.225,-1439.538,-1403.565,-1081.872,-1053.665,-852.989,-923.411,-1038.494,-825.991,-1044.343,-1097.041,-840.161,-423.358,-419.551,23.853,276.210,643.714,327.963,228.851,376.158,436.665,671.000,975.879,759.115,722.177,394.078,798.084,741.364,479.036,758.740,634.127,629.048,450.348,535.264,579.528,433.856,407.647,264.370,515.732,824.791,756.555,340.145,483.656,601.088,542.318,233.819,406.752,409.521,608.217,641.635,1132.513,863.133,914.708,982.905,588.962,752.859,660.628,267.530,275.801,32.117,299.733,143.212,207.349,-33.185,135.036,552.002,228.242,-149.112,-346.418,-8.423,-180.599,-220.734,-305.944,-20.754,73.889,240.758,431.642,783.237,771.418,626.731
-469.203,-911.987,-666.093,-915.937,-659.890,-1003.960,-848.598,-891.962,-1000.752,-916.785,-1113.674,-1327.145,-1425.603,-1722.455,-1926.230,-2104.061,-2449.376,-2455.712,-3193.077,-3598.385,-3491.259,-3663.104,-3956.509,-3873.325,-4058.142,-4055.343,-4616.579,-4985.680,-5156.986,-5445.761,-5403.294,-4949.505,-4821.557,-4386.539,-4296.830,-3651.834,-3449.818,-3337.675,-2713.975,-2691.479,-2112.489,-1843.325,-1500.009,-1065.529,-997.658,-628.661,-476.781,-53.243,486.960,709.590,410.010,479.960,612.714,589.404,184.321,266.955,255.737,371.034,493.447,861.232,686.144,870.140,995.217,673.506,853.029,893.791,623.135,721.420,538.988,895.544,697.662,873.919,633.924,813.222,1138.233,760.159,467.003,340.439,617.954,367.744,151.909,-110.315,202.617,257.629,401.825,469.698,730.824,874.268,756.398
-181.966,-466.970,-297.722,-569.444,-353.210,-461.416,-452.763,-492.862,-526.379,-399.816,-553.986,-921.501,-1215.120,-1701.371,-2097.741,-2176.468,-2575.294,-2706.149,-3664.703,-4195.542,-4131.349,-4702.240,-5123.385,-5178.401,-5604.131,-5816.359,-6372.803,-6856.848,-7148.890,-7571.352,-7700.585,-7229.495,-6924.624,-6218.979,-5880.334,-5262.689,-4954.800,-4692.690,-3944.350,-3905.911,-2979.203,-2417.505,-2044.340,-1542.606,-1367.646,-794.627,-444.503,-129.717,425.478,728.634,544.909,509.056,624.253,617.825,182.547,130.900,53.899,53.477,253.946,418.395,347.509,591.711,718.008,548.426,675.548,805.332,749.639,909.914,810.309,1139.247,932.889,1165.376,944.116,1056.933,1320.893,880.774,692.646,654.578,744.309,494.144,172.986,-167.727,40.800,61.640,172.013,87.712,208.325,487.943,454.332
-31.921,-67.232,39.644,-242.964,-51.057,117.324,-82.388,-130.077,-43.698,61.559,26.357,-368.785,-628.498,-1104.773,-1476.250,-1289.336,-1554.663,-1715.960,-2532.935,-2943.774,-2793.381,-3459.327,-3811.875,-3768.664,-4148.816,-4382.893,-4681.373,-5088.423,-5292.226,-5648.274,-5893.180,-5533.443,-5221.768,-4498.276,-4156.556,-3803.514,-3535.100,-3368.066,-2735.286,-2805.270,-1908.293,-1302.150,-1140.482,-883.247,-763.843,-222.746,181.339,180.275,565.779,780.131,655.707,509.117,582.306,592.900,233.367,47.383,-148.346,-262.906,6.249,-8.136,-6.167,231.162,300.846,320.520,362.298,508.306,679.343,829.306,804.822,999.579,848.498,1083.767,891.324,862.318,1104.767,635.173,536.822,573.319,416.522,243.627,-97.229,-384.928,-349.100,-333.465,-263.659,-486.055,-501.686,-157.086,-80.025
7.985,197.521,269.933,-16.503,154.057,542.497,134.448,63.031,261.974,297.741,424.984,98.130,-7.477,-303.732,-532.518,-37.807,-80.031,-229.764,-645.077,-805.087,-483.366,-976.765,-1135.237,-864.969,-977.211,-1093.209,-1006.039,-1198.226,-1200.132,-1396.514,-1702.406,-1527.042,-1283.787,-727.070,-593.181,-597.367,-435.247,-509.871,-134.556,-345.969,174.369,604.705,414.630,283.416,219.548,557.649,895.432,549.614,707.385,792.387,657.993,420.109,439.160,491.137,323.764,39.274,-304.780,-503.721,-186.206,-255.729,-233.373,-30.958,-54.762,127.852,90.512,187.940,510.491,558.601,570.774,572.457,540.042,750.916,590.791,379.392,624.010,192.693,156.212,233.754,-128.780,-196.836,-478.516,-609.103,-724.658,-669.921,-639.038,-949.692,-1038.127,-718.711,-548.108
16.843,305.093,377.724,88.988,228.044,712.850,178.716,68.802,323.491,276.487,551.940,323.758,346.816,306.720,203.184,907.363,1038.468,884.025,924.799,973.919,1477.895,1278.159,1320.973,1787.568,1996.712,2033.533,2451.357,2502.339,2679.692,2611.640,2279.404,2279.053,2498.539,2833.326,2665.515,2388.084,2465.097,2154.669,2285.049,2011.080,1982.023,2131.739,1607.063,1165.070,889.118,979.328,1199.271,662.304,677.393,718.405,529.909,229.384,191.342,322.949,427.657,97.612,-381.830,-626.303,-297.124,-258.083,-261.083,-73.018,-192.328,69.823,-15.940,5.253,349.142,220.131,216.550,37.539,155.775,348.330,221.176,-158.731,83.751,-232.091,-220.881,-134.405,-577.051,-585.177,-755.066,-700.448,-875.903,-746.603,-746.271,-1079.572,-1141.850,-919.377,-713.274
72.346,302.633,410.657,118.926,214.637,658.973,144.979,-6.840,223.475,120.295,473.560,310.607,337.547,521.459,429.258,1157.662,1310.475,1110.638,1458.056,1541.040,2173.874,2215.610,2367.049,2873.095,3278.459,3405.133,3950.156,4162.360,4393.508,4348.325,4007.754,3913.166,4220.403,4392.495,3969.332,3621.875,3676.392,3261.719,3285.722,3093.824,2572.649,2475.201,1769.949,1252.370,845.140,762.873,888.263,408.444,446.592,574.556,329.513,-11.990,-105.067,137.721,514.709,190.861,-363.493,-625.902,-331.146,-65.068,-111.270,112.823,-69.206,163.844,63.766,26.769,260.732,-74.763,-132.066,-407.844,-153.836,47.612,-45.650,-527.187,-313.190,-461.758,-388.094,-305.653,-669.395,-716.866,-760.421,-580.985,-705.541,-504.687,-526.846,-825.565,-767.882,-670.673,-510.223
205.719,277.561,449.622,156.101,210.398,516.579,180.194,2.008,141.287,36.878,369.904,204.887,106.105,406.669,196.969,768.169,778.691,515.676,911.013,826.805,1505.157,1620.316,1755.030,2109.756,2488.737,2597.637,3019.059,3248.745,3385.215,3263.543,2931.756,2860.295,3339.807,3452.848,2924.600,2719.090,2788.208,2443.198,2534.725,2554.459,1779.585,1565.556,890.586,552.542,161.766,43.485,146.062,-60.879,145.251,433.442,162.869,-211.538,-352.118,7.182,560.833,284.366,-249.892,-523.314,-302.134,196.412,120.906,425.360,234.680,348.603,257.492,211.968,253.753,-260.846,-370.238,-612.168,-277.279,-42.202,-100.700,-585.358,-428.381,-410.724,-235.385,-146.683,-302.222,-490.833,-431.966,-246.196,-244.347,-31.147,-75.662,-309.850,-81.589,-91.283,-54.000
386.780,310.160,560.129,268.146,305.042,442.264,388.517,217.581,242.260,196.006,425.187,195.280,-76.206,216.620,-177.397,139.197,-79.232,-370.740,-162.295,-524.318,122.170,131.151,168.323,246.823,403.689,409.246,523.121,636.128,585.671,356.695,62.676,120.285,752.639,875.438,424.756,477.727,529.578,378.437,645.822,922.483,190.819,11.730,-462.200,-479.759,-711.576,-745.290,-586.580,-436.674,-22.527,378.501,123.095,-283.103,-452.347,-5.030,557.414,359.752,-52.523,-344.114,-212.455,397.572,323.612,713.939,568.103,527.956,456.873,456.491,297.142,-323.954,-437.440,-511.262,-166.209,102.797,75.420,-314.211,-222.777,-98.951,218.865,335.538,441.060,66.361,177.096,251.352,388.177,507.480,430.988,257.333,645.953,577.490,443.483
543.542,430.060,749.882,459.668,519.185,517.433,755.361,632.045,570.870,619.672,711.087,384.840,10.471,208.180,-340.733,-260.392,-674.683,-914.031,-998.685,-1594.642,-1031.052,-1223.496,-1273.148,-1471.793,-1603.933,-1718.057,-1956.273,-2024.134,-2259.006,-2543.984,-2760.553,-2516.904,-1869.123,-1746.956,-1976.944,-1690.740,-1749.911,-1687.413,-1259.158,-786.904,-1254.255,-1296.925,-1506.708,-1239.367,-1241.132,-1142.049,-877.919,-442.991,91.010,450.609,236.874,-192.505,-354.233,127.576,515.751,423.547,209.327,-103.968,-48.183,477.538,428.266,859.329,789.023,627.855,583.479,659.570,353.808,-283.122,-324.698,-139.794,156.912,427.199,416.853,189.980,239.022,369.862,842.219,999.434,1329.848,816.157,922.310,826.330,1043.838,955.050,834.588,691.154,1178.776,1103.289,794.606
603.039,598.310,956.700,658.173,777.342,695.333,1136.859,1090.765,1010.751,1150.348,1131.001,713.993,389.786,469.693,-128.212,-177.113,-658.609,-758.090,-1083.747,-1734.004,-1276.686,-1639.832,-1679.575,-2039.627,-2368.874,-2541.926,-3035.719,-3255.596,-3593.602,-3837.026,-3941.011,-3517.327,-3051.121,-3008.477,-2957.682,-2575.202,-2847.447,-2651.406,-2188.001,-1656.479,-1797.619,-1686.761,-1686.868,-1311.754,-1113.937,-919.574,-549.981,-1.960,481.763,620.527,449.674,24.621,-77.623,380.930,463.843,499.455,508.038,189.979,205.464,469.994,440.665,831.953,830.523,633.320,625.578,774.723,406.032,-167.892,-70.504,385.018,604.523,820.085,799.995,755.556,810.803,849.459,1437.667,1622.431,2074.792,1551.846,1613.757,1377.775,1592.453,1229.054,1064.310,913.067,1417.354,1368.770,926.804
530.650,725.287,1076.442,746.771,937.626,824.554,1327.112,1362.160,1339.407,1522.278,1462.296,984.566,867.322,866.067,345.252,296.849,-101.433,-15.366,-422.012,-899.834,-553.967,-959.386,-859.293,-1211.163,-1539.338,-1664.612,-2237.819,-2509.762,-2845.036,-2961.921,-2942.187,-2395.543,-2268.140,-2398.259,-2093.463,-1778.319,-2305.431,-2101.891,-1768.284,-1324.654,-1235.752,-1027.106,-943.218,-673.256,-390.554,-195.433,231.602,719.349,988.539,804.307,657.839,282.313,293.526,688.706,435.163,607.496,803.899,522.635,537.776,473.008,427.517,697.070,719.423,585.847,627.420,817.185,457.291,-6.674,249.721,899.313,1041.708,1146.386,1083.221,1192.307,1305.682,1195.119,1809.130,1981.455,2428.957,2057.039,2067.841,1798.092,1940.460,1330.147,1145.291,962.588,1414.247,1401.797,898.830
348.056,717.038,1019.198,630.638,868.295,740.221,1172.179,1262.728,1352.088,1503.553,1478.796,975.805,1144.872,1128.942,772.017,809.188,584.942,828.725,513.469,370.847,610.116,310.294,641.713,438.451,312.092,334.591,-149.578,-356.281,-616.361,-580.036,-459.806,130.660,-112.296,-459.349,14.088,163.795,-556.691,-447.645,-359.212,-100.422,40.638,261.754,307.716,339.243,561.858,656.862,1062.930,1401.711,1379.612,912.384,768.400,489.428,647.124,967.792,452.926,741.348,1043.085,851.641,893.433,580.056,467.534,566.557,542.837,545.854,642.903,830.147,512.977,170.127,539.295,1238.458,1316.926,1280.283,1148.999,1348.903,1548.129,1300.525,1823.489,1932.173,2267.505,2166.463,2154.517,1984.365,2029.579,1305.741,1151.853,945.083,1308.587,1325.494,843.299
122.353,527.535,764.977,302.630,532.045,373.993,670.327,771.227,987.353,1033.584,1087.592,587.081,1003.514,1033.264,855.434,983.877,919.617,1223.839,1097.614,1311.882,1459.514,1347.756,1909.702,1904.003,2082.436,2296.675,1993.932,1928.601,1753.092,1903.253,2073.191,2637.724,2143.431,1620.506,2160.038,2162.703,1404.587,1390.073,1225.517,1281.284,1321.508,1488.228,1442.847,1246.246,1297.493,1231.060,1533.476,1749.011,1480.038,902.799,751.818,594.933,889.768,1148.910,516.884,858.216,1163.677,1101.844,1177.056,812.427,596.072,526.735,387.033,545.610,686.891,837.189,557.796,321.740,702.483,1283.552,1304.857,1138.853,940.438,1158.162,1427.616,1123.610,1453.383,1460.771,1623.869,1817.103,1832.999,1862.104,1834.785,1200.489,1142.903,954.463,1226.699,1266.870,875.958
-66.157,189.900,387.579,-130.807,29.239,-180.843,0.149,65.862,381.082,277.385,401.287,-78.097,446.700,550.551,502.462,660.219,650.172,886.635,937.045,1382.238,1469.351,1515.655,2205.504,2339.929,2780.645,3149.646,3024.819,3100.398,2967.176,3157.155,3320.100,3818.798,3291.808,2709.051,3230.075,3206.239,2601.365,2512.833,2193.560,2094.437,1986.239,2078.457,1980.578,1692.661,1539.925,1312.024,1450.107,1645.886,1266.886,806.663,657.410,608.746,982.255,1199.284,600.202,890.656,1112.965,1184.221,1285.772,1093.329,776.142,584.804,286.774,563.551,717.843,815.408,550.488,397.909,672.848,999.027,953.356,712.650,484.540,660.675,940.832,699.769,790.149,691.656,676.067,1076.411,1169.154,1419.398,1374.205,1028.485,1122.353,1017.922,1208.776,1279.980,1025.603
-160.149,-190.975,29.920,-484.533,-431.039,-692.357,-547.068,-544.452,-188.206,-440.767,-301.431,-742.620,-283.598,-116.324,-111.793,-7.853,-99.100,-35.449,97.361,563.534,640.670,716.717,1369.030,1513.961,2053.746,2468.318,2451.885,2594.868,2450.979,2621.452,2739.773,3165.709,2822.917,2321.794,2775.500,2878.904,2573.163,2503.710,2178.009,1999.072,1815.557,1858.440,1813.215,1614.358,1311.508,976.437,931.177,1211.892,879.540,710.319,582.995,588.204,948.358,1129.322,660.193,778.658,872.368,1035.777,1157.641,1281.480,914.003,665.358,214.716,537.600,664.877,709.134,444.919,356.839,441.477,451.076,318.137,84.371,-105.736,-0.153,206.904,139.288,22.236,-151.294,-309.070,135.038,327.109,734.617,725.960,782.238,1047.003,1090.930,1199.833,1324.357,1221.254
-147.684,-482.821,-160.624,-579.538,-625.601,-897.403,-703.736,-767.278,-440.225,-796.569,-712.934,-1092.521,-831.693,-640.968,-645.503,-646.980,-908.101,-1055.875,-948.141,-655.799,-526.338,-580.011,-124.900,-108.652,326.490,642.849,654.742,757.966,583.214,726.862,796.306,1163.760,1120.415,806.683,1180.347,1512.459,1545.838,1579.120,1368.462,1171.296,1052.975,1092.927,1211.928,1225.834,883.828,523.795,325.905,726.928,541.135,704.094,616.494,599.777,855.167,982.992,659.640,507.989,479.091,662.138,811.978,1248.577,912.306,659.426,114.839,410.874,483.425,476.820,227.690,193.938,72.980,-202.146,-434.134,-577.124,-656.167,-614.293,-556.602,-395.205,-617.863,-817.276,-1056.113,-741.500,-469.347,-25.007,32.566,466.286,872.016,1097.988,1102.348,1303.566,1337.637
-61.536,-586.447,-105.695,-337.407,-432.926,-641.502,-364.453,-479.253,-246.768,-636.325,-660.663,-948.568,-925.535,-762.365,-795.625,-892.381,-1315.118,-1634.089,-1605.667,-1582.244,-1345.932,-1634.517,-1464.335,-1665.183,-1485.967,-1395.069,-1398.118,-1420.476,-1593.892,-1428.491,-1383.288,-1056.675,-834.900,-931.819,-625.148,-72.715,221.898,390.270,334.561,147.323,212.646,288.541,627.061,857.232,593.931,288.399,11.818,474.057,436.590,826.900,782.791,678.815,776.562,817.914,588.554,134.069,30.661,158.009,357.764,958.950,731.725,497.659,-43.388,182.020,203.781,140.662,-51.828,-36.820,-303.225,-751.684,-1066.029,-1056.382,-981.104,-967.219,-1097.389,-731.768,-925.674,-1110.794,-1362.840,-1293.768,-1000.803,-646.666,-525.806,126.117,600.085,988.312,852.493,1134.138,1267.718
41.712,-482.142,160.238,165.908,91.105,23.579,346.532,197.553,287.087,-65.913,-207.236,-376.220,-533.865,-443.239,-483.556,-609.786,-1090.043,-1483.843,-1508.750,-1718.968,-1352.605,-1866.836,-1963.056,-2385.860,-2500.963,-2701.002,-2710.360,-2879.577,-2981.837,-2721.181,-2667.262,-2374.422,-2044.577,-1972.615,-1707.022,-1054.152,-652.995,-379.514,-326.593,-502.840,-233.268,-106.560,415.709,749.199,642.348,445.462,186.487,588.386,615.044,1038.408,1025.704,809.785,757.966,683.697,473.842,-225.572,-336.902,-312.384,-40.254,505.689,425.454,204.270,-226.476,-72.756,-61.641,-196.178,-282.885,-227.913,-530.878,-1002.747,-1346.963,-1160.401,-946.172,-912.011,-1215.258,-744.252,-794.456,-955.533,-1160.350,-1357.437,-1124.281,-947.839,-790.634,-153.534,298.807,770.187,471.232,801.064,979.532
110.345,-238.242,500.936,720.391,722.769,842.042,1119.438,941.741,864.823,595.286,373.588,333.325,109.397,98.403,91.450,21.863,-365.979,-727.239,-723.895,-1035.607,-562.490,-1174.308,-1423.166,-1993.638,-2325.849,-2797.420,-2772.437,-3035.234,-2998.153,-2591.469,-2511.950,-2260.185,-2016.582,-1865.389,-1613.101,-1038.211,-690.553,-383.131,-310.080,-479.895,-104.368,66.597,654.811,926.064,989.390,919.839,766.627,992.747,968.587,1234.909,1234.701,936.482,797.990,605.713,368.945,-433.363,-495.024,-574.085,-227.276,78.888,124.244,-102.078,-341.392,-224.392,-163.642,-382.585,-334.091,-256.272,-484.851,-843.993,-1142.440,-795.960,-522.289,-426.998,-840.931,-401.458,-257.660,-417.588,-533.254,-926.558,-826.908,-853.739,-694.786,-285.932,71.727,504.427,59.910,368.417,528.174
119.020,22.788,741.676,1072.870,1168.110,1463.275,1599.057,1384.518,1148.261,977.518,738.925,808.775,631.938,508.301,565.585,616.301,444.773,189.095,299.795,39.905,552.599,35.669,-205.816,-804.606,-1211.012,-1856.578,-1761.894,-2018.652,-1815.862,-1272.612,-1180.086,-984.744,-960.354,-810.798,-550.893,-211.489,-17.175,249.775,276.430,120.678,429.885,632.833,1134.562,1211.094,1400.850,1441.444,1443.399,1449.742,1295.423,1300.559,1301.119,994.259,853.286,578.322,325.872,-393.167,-376.643,-517.065,-127.672,-122.436,-23.988,-264.866,-284.508,-154.222,5.888,-291.013,-118.041,-41.279,-127.057,-295.008,-477.647,-22.697,192.207,365.665,-72.849,211.254,514.910,320.091,307.629,-162.209,-236.576,-437.800,-306.416,-234.984,-1.389,264.413,-255.232,-57.138,22.093
73.330,183.326,753.998,1046.881,1203.959,1607.763,1554.167,1293.396,939.265,857.692,664.006,796.947,732.736,500.925,626.255,811.650,897.049,760.493,1000.249,889.513,1351.601,1099.293,1007.671,499.308,154.739,-522.782,-357.462,-514.783,-179.722,423.535,493.330,620.048,415.138,528.803,802.994,837.094,867.650,1049.307,1030.719,909.435,993.277,1225.738,1516.768,1360.166,1604.812,1706.927,1855.847,1695.528,1409.492,1166.441,1173.042,944.605,862.145,568.545,362.997,-102.867,-13.996,-153.472,215.682,8.528,69.614,-175.057,-8.483,176.388,445.385,109.122,352.835,405.415,465.826,490.297,456.660,947.406,995.265,1233.523,848.853,912.299,1270.737,1022.249,1092.974,662.325,420.107,99.840,182.912,-50.130,81.197,90.519,-395.076,-384.435,-431.740
-2.723,184.040,518.251,631.336,791.164,1205.890,991.233,692.991,295.452,284.749,172.692,305.805,356.666,32.990,204.084,490.337,774.341,714.936,1029.610,1068.728,1397.002,1478.264,1610.139,1272.055,1060.591,489.566,688.941,667.619,1055.539,1602.497,1613.983,1672.166,1346.515,1443.634,1719.254,1489.814,1419.233,1512.070,1517.836,1447.858,1244.369,1517.411,1551.206,1224.138,1460.163,1550.946,1783.300,1579.304,1235.659,846.390,880.116,792.902,775.107,529.110,447.181,330.529,461.637,374.785,653.788,425.268,383.021,161.708,432.882,689.295,1024.995,717.985,952.057,967.309,1120.008,1271.357,1365.756,1813.863,1646.690,1912.118,1626.365,1483.783,1761.452,1480.449,1581.575,1261.357,899.733,511.757,529.855,142.113,229.347,-31.472,-373.134,-581.730,-771.023
-87.607,44.338,130.471,-9.606,99.205,435.873,152.809,-142.589,-486.896,-437.705,-464.337,-389.933,-267.254,-657.736,-473.827,-144.541,211.464,159.574,448.437,553.940,697.532,1048.996,1389.180,1243.334,1153.875,779.188,961.693,1033.396,1385.860,1767.718,1712.667,1717.111,1434.491,1564.156,1809.185,1443.107,1359.893,1389.791,1514.025,1488.606,1069.649,1397.288,1219.894,841.345,1037.458,1031.672,1253.685,1134.740,841.131,432.033,517.349,581.676,579.588,418.150,503.876,726.958,865.208,848.361,993.880,941.682,785.506,615.545,892.267,1210.323,1533.985,1335.127,1480.656,1460.865,1625.676,1805.457,1959.653,2295.957,1952.637,2200.062,2014.732,1749.788,1830.647,1577.302,1636.376,1441.666,1031.640,606.532,542.559,191.489,299.933,-155.048,-288.347,-682.301,-988.621
-178.979,-159.629,-251.099,-614.253,-574.821,-362.683,-601.271,-825.959,-1020.075,-907.659,-869.358,-890.100,-750.213,-1176.856,-1005.584,-684.862,-392.801,-498.313,-322.608,-263.999,-313.455,142.424,601.827,614.732,579.010,416.421,549.783,610.022,869.056,1028.055,940.272,915.969,809.378,1012.339,1185.247,834.635,804.171,801.599,1100.461,1082.429,623.942,1005.972,731.865,410.504,570.078,389.436,516.380,551.300,391.458,51.736,199.512,366.609,309.562,220.617,455.003,909.956,1033.943,1064.059,1085.464,1317.749,1096.381,989.964,1191.288,1542.567,1774.957,1742.992,1750.024,1711.362,1818.755,1937.286,2064.814,2242.741,1835.683,2032.642,1913.120,1640.871,1467.572,1313.410,1263.042,1168.527,777.425,327.981,167.462,-2.670,170.117,-331.768,-270.046,-752.404,-1111.777
-296.601,-345.531,-492.011,-951.787,-954.522,-858.169,-971.436,-1053.577,-1028.582,-840.309,-764.682,-885.678,-764.734,-1195.938,-1045.814,-760.945,-620.694,-805.209,-761.109,-827.315,-1042.496,-673.643,-219.369,-118.278,-176.627,-182.047,-90.836,-156.484,1.711,-49.232,-102.110,-127.656,-18.688,260.372,328.868,108.173,147.961,126.381,573.820,510.576,210.836,621.767,383.663,168.200,311.593,-89.536,-96.260,69.051,60.748,-183.739,12.171,191.643,37.615,-36.019,267.953,791.054,902.303,928.486,890.535,1376.311,1173.062,1119.675,1208.739,1558.432,1658.928,1805.078,1668.191,1632.854,1648.696,1656.950,1690.459,1696.420,1361.289,1502.467,1397.557,1216.581,804.664,790.850,598.068,565.941,235.435,-227.025,-483.734,-436.230,-194.000,-571.305,-406.852,-844.560,-1169.905
-469.561,-474.391,-553.834,-936.348,-924.193,-892.781,-864.643,-762.058,-501.473,-228.364,-135.776,-334.458,-239.618,-649.021,-515.287,-271.865,-293.169,-538.784,-558.047,-749.482,-1083.847,-932.281,-598.970,-491.802,-612.470,-555.900,-466.416,-721.510,-629.231,-817.716,-763.402,-766.090,-504.441,-189.547,-227.204,-278.660,-190.235,-240.748,247.345,101.519,88.048,481.410,377.413,249.503,387.764,-222.553,-337.815,-141.282,-52.352,-221.647,-15.960,77.597,-147.464,-280.227,-10.700,420.808,539.819,506.714,503.982,1092.283,984.534,958.176,948.499,1264.346,1252.289,1529.934,1286.777,1272.815,1201.567,1101.487,1019.523,878.150,709.386,817.778,681.475,636.030,60.726,165.151,-146.827,-145.789,-409.339,-859.175,-1181.906,-993.162,-711.109,-828.411,-698.816,-965.737,-1174.383
-714.480,-570.259,-512.567,-667.094,-586.555,-557.994,-434.224,-160.981,290.690,641.463,741.682,502.306,583.235,211.004,334.047,534.338,412.635,154.494,194.331,-45.617,-448.290,-527.327,-390.185,-345.953,-513.598,-485.727,-353.662,-771.019,-697.190,-924.863,-722.744,-683.019,-389.231,-101.347,-203.629,-120.850,-13.428,-115.685,269.391,47.040,317.960,645.566,706.154,614.727,729.794,-11.082,-157.427,-49.783,40.343,-77.174,90.371,27.676,-170.668,-414.750,-259.621,-22.823,129.249,-0.795,112.453,607.695,631.773,607.728,548.579,803.662,749.717,1068.038,783.102,797.016,666.495,498.602,328.022,99.258,103.516,216.733,23.081,90.467,-544.636,-410.762,-760.181,-743.437,-964.181,-1358.676,-1680.669,-1491.671,-1216.005,-1025.083,-1057.368,-1078.197,-1121.693
-1016.451,-698.460,-511.712,-371.839,-205.814,-139.080,7.430,377.108,928.457,1329.314,1432.186,1187.512,1267.421,934.600,1042.229,1183.801,1057.977,842.352,1050.825,876.564,455.341,248.303,166.956,110.413,-47.545,-94.524,93.076,-370.994,-288.370,-468.887,-134.627,-34.588,182.956,391.441,303.329,443.533,562.367,391.692,561.758,318.796,746.600,982.445,1169.092,1080.813,1123.327,383.929,299.680,240.128,242.484,185.579,278.329,40.980,0.265,-353.157,-330.865,-309.920,-111.010,-346.584,-91.029,162.797,302.302,272.967,221.899,393.488,384.530,641.993,383.323,418.751,258.889,76.329,-130.744,-364.682,-271.909,-124.332,-377.507,-270.629,-867.722,-827.300,-1095.863,-1081.265,-1298.444,-1591.881,-1820.085,-1760.833,-1532.741,-1093.914,-1350.190,-1129.058,-1012.909
-1323.730,-915.085,-674.455,-282.383,-63.951,42.992,157.991,513.684,1059.735,1469.397,1564.330,1336.228,1415.624,1114.873,1189.807,1240.110,1197.536,1062.354,1469.742,1456.412,1068.816,896.400,621.211,465.415,380.756,275.340,481.656,128.609,210.461,126.366,521.813,701.520,801.599,915.459,930.501,1053.538,1206.526,972.038,899.199,718.003,1112.333,1266.867,1499.122,1431.626,1338.357,746.595,787.964,562.909,437.117,485.480,494.482,119.852,335.743,-63.089,-124.066,-267.203,-28.626,-351.321,2.215,-23.772,179.071,159.088,155.091,224.550,320.072,444.006,261.943,304.383,133.532,-23.076,-225.049,-381.553,-331.848,-148.912,-445.531,-386.614,-876.933,-1031.341,-1104.722,-1124.575,-1373.883,-1541.406,-1584.463,-1709.921,-1551.973,-1015.603,-1464.370,-1087.067,-870.625
-1560.842,-1218.016,-1023.133,-506.652,-305.355,-191.229,-112.393,125.500,586.801,964.155,1030.907,823.571,891.451,614.210,635.434,561.449,648.539,601.530,1129.688,1309.265,1014.409,1016.801,603.280,385.946,410.445,313.680,463.986,351.711,394.932,415.553,773.802,1053.029,1072.932,1120.561,1298.724,1365.492,1586.502,1316.536,1066.499,1012.129,1209.384,1324.527,1520.324,1536.765,1259.944,923.352,1091.695,778.754,547.546,750.201,697.467,262.526,742.740,402.804,348.460,130.527,383.404,8.078,362.962,134.043,347.612,365.270,414.896,372.397,575.497,550.634,465.266,499.775,325.163,210.308,16.134,-5.041,-105.957,77.869,-236.793,-287.503,-637.743,-1015.093,-826.815,-929.031,-1228.061,-1285.643,-1090.031,-1358.058,-1273.929,-827.663,-1354.140,-962.277,-736.867
-1656.018,-1530.379,-1452.190,-965.915,-853.071,-778.340,-691.008,-625.916,-276.253,40.893,56.403,-140.465,-94.394,-348.782,-391.831,-596.104,-383.434,-363.585,124.350,454.003,313.683,540.284,57.177,-161.708,-37.234,-43.727,-24.099,144.445,110.606,217.192,454.641,846.944,867.551,905.295,1243.933,1259.873,1559.811,1295.672,990.144,1069.220,1004.898,1131.027,1240.919,1408.592,943.665,886.460,1117.587,829.205,561.613,926.151,852.784,445.224,1085.000,906.898,941.889,732.671,969.854,580.606,833.535,543.967,747.631,828.045,909.813,763.127,1021.691,895.106,894.839,912.538,741.311,663.644,436.992,564.770,291.838,418.667,114.168,-55.879,-260.852,-795.605,-356.264,-586.714,-928.890,-936.850,-515.337,-814.166,-798.276,-599.784,-1051.573,-797.215,-650.351
-1571.592,-1729.863,-1773.139,-1432.094,-1443.522,-1442.160,-1282.330,-1374.764,-1109.281,-862.132,-908.915,-1112.800,-1085.461,-1305.101,-1402.117,-1694.315,-1399.728,-1350.746,-1077.366,-690.950,-629.385,-241.054,-725.953,-885.245,-708.361,-571.642,-713.375,-337.132,-456.977,-289.751,-205.571,296.706,384.888,469.150,893.297,893.485,1234.326,1013.538,766.912,913.407,643.458,810.303,831.314,1169.383,568.254,716.262,908.537,737.617,512.381,976.207,921.390,608.918,1223.091,1265.801,1422.389,1268.109,1471.807,1104.805,1196.851,978.949,1194.375,1344.984,1427.948,1209.929,1447.428,1307.791,1357.446,1357.926,1208.130,1158.147,840.076,1080.614,720.313,735.805,470.704,226.010,155.687,-401.436,199.305,-174.492,-532.029,-577.701,-15.577,-223.037,-270.940,-392.377,-641.228,-637.690,-618.236
